Time,Heater,CO2State,FanState
2015-02-05 23:59:34,0,0,1
2015-02-06 00:00:29,0,0,1
2015-02-06 00:00:47,0,0,1
2015-02-06 00:01:24,0,0,1
2015-02-06 00:02:55,0,0,1
2015-02-06 00:03:51,0,0,1
2015-02-06 00:04:10,0,0,1
2015-02-06 00:04:46,0,0,1
2015-02-06 00:05:06,0,0,1
2015-02-06 00:05:24,0,0,1
2015-02-06 00:05:43,0,0,1
2015-02-06 00:06:02,0,0,1
2015-02-06 00:06:20,0,0,1
2015-02-06 00:07:15,0,0,1
2015-02-06 00:07:34,0,0,1
2015-02-06 00:07:53,0,0,1
2015-02-06 00:08:11,0,0,1
2015-02-06 00:08:30,0,0,1
2015-02-06 00:09:07,0,0,1
2015-02-06 00:09:25,0,0,1
2015-02-06 00:09:44,0,0,1
2015-02-06 00:10:21,0,0,1
2015-02-06 00:10:57,0,0,1
2015-02-06 00:12:10,0,0,1
2015-02-06 00:12:47,0,0,1
2015-02-06 00:13:07,0,0,1
2015-02-06 00:14:19,0,0,1
2015-02-06 00:14:38,0,0,1
2015-02-06 00:14:57,0,0,1
2015-02-06 00:15:16,0,0,1
2015-02-06 00:16:48,0,0,1
2015-02-06 00:17:25,0,0,1
2015-02-06 00:18:02,0,0,1
2015-02-06 00:18:39,0,0,1
2015-02-06 00:19:16,0,0,1
2015-02-06 00:20:11,0,0,1
2015-02-06 00:21:06,0,0,1
2015-02-06 00:21:25,0,0,1
2015-02-06 00:22:20,0,0,1
2015-02-06 00:23:15,0,0,1
2015-02-06 00:24:10,0,0,1
2015-02-06 00:25:05,0,0,1
2015-02-06 00:25:42,0,0,1
2015-02-06 00:26:19,0,0,1
2015-02-06 00:27:14,0,0,1
2015-02-06 00:28:13,0,0,1
2015-02-06 00:29:44,0,0,1
2015-02-06 00:30:03,0,0,1
2015-02-06 00:31:36,0,0,1
2015-02-06 00:32:31,0,0,1
2015-02-06 00:32:50,0,0,1
2015-02-06 00:33:26,0,0,1
2015-02-06 00:33:46,0,0,1
2015-02-06 00:34:47,0,0,1
2015-02-06 00:35:23,0,0,1
2015-02-06 00:36:00,0,0,1
2015-02-06 00:36:19,0,0,1
2015-02-06 00:37:14,0,0,1
2015-02-06 00:37:50,0,0,1
2015-02-06 00:38:46,0,0,1
2015-02-06 00:39:41,0,0,1
2015-02-06 00:40:00,0,0,1
2015-02-06 00:40:36,0,0,1
2015-02-06 00:41:32,0,0,1
2015-02-06 00:41:51,0,0,1
2015-02-06 00:42:10,0,0,1
2015-02-06 00:42:28,0,0,1
2015-02-06 00:44:17,0,0,1
2015-02-06 00:44:36,0,0,1
2015-02-06 00:45:30,0,0,1
2015-02-06 00:45:49,0,0,1
2015-02-06 00:46:08,0,0,1
2015-02-06 00:46:44,0,0,1
2015-02-06 00:47:39,0,0,1
2015-02-06 00:47:58,0,0,1
2015-02-06 00:48:16,0,0,1
2015-02-06 00:48:53,0,0,1
2015-02-06 00:49:12,0,0,1
2015-02-06 00:49:49,0,0,1
2015-02-06 00:50:25,0,0,1
2015-02-06 00:50:44,0,0,1
2015-02-06 00:51:03,0,0,1
2015-02-06 00:51:21,0,0,1
2015-02-06 00:51:40,0,0,1
2015-02-06 00:51:59,0,0,1
2015-02-06 00:52:53,0,0,1
2015-02-06 00:53:32,0,0,1
2015-02-06 00:53:51,0,0,1
2015-02-06 00:54:28,0,0,1
2015-02-06 00:55:22,0,0,1
2015-02-06 00:55:59,0,0,1
2015-02-06 00:56:18,0,0,1
2015-02-06 00:57:13,0,0,1
2015-02-06 00:57:31,0,0,1
2015-02-06 00:57:50,0,0,1
2015-02-06 00:58:09,0,0,1
2015-02-06 00:58:28,0,0,1
2015-02-06 00:58:46,0,0,1
2015-02-06 00:59:23,0,0,0
2015-02-06 01:00:00,0,0,0
2015-02-06 01:00:18,0,0,0
2015-02-06 01:01:31,0,0,0
2015-02-06 01:01:50,0,0,0
2015-02-06 01:02:26,0,0,0
2015-02-06 01:03:03,0,0,0
2015-02-06 01:03:40,0,0,0
2015-02-06 01:03:59,0,0,0
2015-02-06 01:04:17,0,0,0
2015-02-06 01:04:36,0,0,0
2015-02-06 01:05:13,0,0,0
2015-02-06 01:05:32,0,0,0
2015-02-06 01:06:08,0,0,0
2015-02-06 01:07:39,0,0,0
2015-02-06 01:07:58,0,0,0
2015-02-06 01:08:34,0,0,0
2015-02-06 01:09:48,0,0,0
2015-02-06 01:10:25,0,0,0
2015-02-06 01:11:02,0,0,0
2015-02-06 01:12:01,0,0,0
2015-02-06 01:12:58,0,0,0
2015-02-06 01:13:54,0,0,0
2015-02-06 01:15:09,0,0,0
2015-02-06 01:15:28,0,0,0
2015-02-06 01:15:46,0,0,0
2015-02-06 01:16:42,0,0,0
2015-02-06 01:17:39,0,0,0
2015-02-06 01:18:16,0,0,0
2015-02-06 01:18:54,0,0,0
2015-02-06 01:19:31,0,0,0
2015-02-06 01:19:50,0,0,0
2015-02-06 01:20:09,0,0,0
2015-02-06 01:20:46,0,0,0
2015-02-06 01:21:05,0,0,0
2015-02-06 01:21:42,0,0,0
2015-02-06 01:22:38,0,0,0
2015-02-06 01:22:57,0,0,0
2015-02-06 01:23:36,0,0,0
2015-02-06 01:23:55,0,0,0
2015-02-06 01:24:36,0,0,0
2015-02-06 01:24:56,0,0,0
2015-02-06 01:25:52,0,0,0
2015-02-06 01:26:47,0,0,0
2015-02-06 01:27:24,0,0,0
2015-02-06 01:28:19,0,0,0
2015-02-06 01:29:14,0,0,0
2015-02-06 01:30:11,0,0,0
2015-02-06 01:31:08,0,0,0
2015-02-06 01:32:03,0,0,0
2015-02-06 01:32:22,0,0,0
2015-02-06 01:32:41,0,0,0
2015-02-06 01:33:36,0,0,0
2015-02-06 01:34:49,0,0,0
2015-02-06 01:35:07,0,0,0
2015-02-06 01:35:26,0,0,0
2015-02-06 01:36:03,0,0,0
2015-02-06 01:37:16,0,0,0
2015-02-06 01:37:37,0,0,0
2015-02-06 01:38:14,0,0,0
2015-02-06 01:38:32,0,0,0
2015-02-06 01:38:51,0,0,0
2015-02-06 01:39:46,0,0,0
2015-02-06 01:40:05,0,0,0
2015-02-06 01:40:23,0,0,0
2015-02-06 01:40:42,0,0,0
2015-02-06 01:41:37,0,0,0
2015-02-06 01:42:50,0,0,0
2015-02-06 01:43:09,0,0,0
2015-02-06 01:43:45,0,0,0
2015-02-06 01:44:23,0,0,0
2015-02-06 01:44:41,0,0,0
2015-02-06 01:45:18,0,0,0
2015-02-06 01:46:31,0,0,0
2015-02-06 01:47:07,0,0,0
2015-02-06 01:47:44,0,0,0
2015-02-06 01:48:03,0,0,0
2015-02-06 01:48:39,0,0,0
2015-02-06 01:49:34,0,0,0
2015-02-06 01:49:53,0,0,0
2015-02-06 01:50:29,0,0,0
2015-02-06 01:51:06,0,0,0
2015-02-06 01:51:43,0,0,0
2015-02-06 01:52:37,0,0,0
2015-02-06 01:53:32,0,0,0
2015-02-06 01:54:27,0,0,0
2015-02-06 01:54:45,0,0,0
2015-02-06 01:55:04,0,0,0
2015-02-06 01:56:35,0,0,0
2015-02-06 01:57:11,0,0,0
2015-02-06 01:57:48,0,0,0
2015-02-06 01:58:43,0,0,0
2015-02-06 01:59:01,0,0,0
2015-02-06 01:59:56,0,0,0
2015-02-06 02:00:51,0,0,0
2015-02-06 02:01:09,0,0,0
2015-02-06 02:01:46,0,0,0
2015-02-06 02:02:59,0,0,0
2015-02-06 02:03:17,0,0,0
2015-02-06 02:03:36,0,0,0
2015-02-06 02:03:55,0,0,0
2015-02-06 02:04:14,0,0,0
2015-02-06 02:04:32,0,0,0
2015-02-06 02:05:27,0,0,0
2015-02-06 02:06:04,0,0,0
2015-02-06 02:06:23,0,0,0
2015-02-06 02:06:41,0,0,0
2015-02-06 02:07:18,0,0,0
2015-02-06 02:07:37,0,0,0
2015-02-06 02:08:32,0,0,0
2015-02-06 02:09:44,0,0,0
2015-02-06 02:10:39,0,0,0
2015-02-06 02:11:34,0,0,0
2015-02-06 02:11:53,0,0,0
2015-02-06 02:12:12,0,0,0
2015-02-06 02:12:48,0,0,0
2015-02-06 02:13:07,0,0,0
2015-02-06 02:13:46,0,0,0
2015-02-06 02:14:07,0,0,0
2015-02-06 02:14:44,0,0,0
2015-02-06 02:15:21,0,0,0
2015-02-06 02:15:58,0,0,0
2015-02-06 02:16:35,0,0,0
2015-02-06 02:17:12,0,0,0
2015-02-06 02:18:25,0,0,0
2015-02-06 02:19:01,0,0,0
2015-02-06 02:19:20,0,0,0
2015-02-06 02:19:39,0,0,0
2015-02-06 02:20:16,0,0,0
2015-02-06 02:20:35,0,0,0
2015-02-06 02:20:53,0,0,0
2015-02-06 02:22:42,0,0,0
2015-02-06 02:23:19,0,0,0
2015-02-06 02:23:56,0,0,0
2015-02-06 02:24:51,0,0,0
2015-02-06 02:25:28,0,0,0
2015-02-06 02:26:22,0,0,0
2015-02-06 02:27:17,0,0,0
2015-02-06 02:27:54,0,0,0
2015-02-06 02:28:12,0,0,0
2015-02-06 02:28:31,0,0,0
2015-02-06 02:29:08,0,0,0
2015-02-06 02:29:45,0,0,0
2015-02-06 02:30:40,0,0,0
2015-02-06 02:31:37,0,0,0
2015-02-06 02:32:14,0,0,0
2015-02-06 02:34:03,0,0,0
2015-02-06 02:35:15,0,0,0
2015-02-06 02:35:34,0,0,0
2015-02-06 02:35:53,0,0,0
2015-02-06 02:36:12,0,0,0
2015-02-06 02:36:48,0,0,0
2015-02-06 02:38:37,0,0,0
2015-02-06 02:39:32,0,0,0
2015-02-06 02:39:50,0,0,0
2015-02-06 02:40:09,0,0,0
2015-02-06 02:40:28,0,0,0
2015-02-06 02:41:42,0,0,0
2015-02-06 02:42:37,0,0,0
2015-02-06 02:43:32,0,0,0
2015-02-06 02:44:26,0,0,0
2015-02-06 02:44:45,0,0,0
2015-02-06 02:45:04,0,0,0
2015-02-06 02:45:23,0,0,0
2015-02-06 02:47:29,0,0,0
2015-02-06 02:47:48,1,0,0
2015-02-06 02:48:07,1,0,0
2015-02-06 02:49:55,1,0,0
2015-02-06 02:50:14,1,0,0
2015-02-06 02:50:33,1,0,0
2015-02-06 02:51:09,1,0,0
2015-02-06 02:51:28,1,0,0
2015-02-06 02:51:47,1,0,0
2015-02-06 02:52:06,1,0,0
2015-02-06 02:52:25,0,0,0
2015-02-06 02:52:43,0,0,0
2015-02-06 02:53:02,0,0,0
2015-02-06 02:53:21,0,0,0
2015-02-06 02:53:40,0,0,0
2015-02-06 02:53:59,0,0,0
2015-02-06 02:54:17,0,0,0
2015-02-06 02:54:36,0,0,0
2015-02-06 02:55:13,0,0,0
2015-02-06 02:56:44,0,0,0
2015-02-06 02:57:20,0,0,0
2015-02-06 02:58:15,0,0,0
2015-02-06 02:59:12,0,0,0
2015-02-06 02:59:30,0,0,0
2015-02-06 02:59:49,0,0,0
2015-02-06 03:00:08,0,0,0
2015-02-06 03:01:02,0,0,0
2015-02-06 03:01:21,0,0,0
2015-02-06 03:01:40,0,0,0
2015-02-06 03:02:17,0,0,0
2015-02-06 03:02:53,0,0,0
2015-02-06 03:03:30,0,0,0
2015-02-06 03:04:07,0,0,0
2015-02-06 03:04:44,0,0,0
2015-02-06 03:05:20,0,0,0
2015-02-06 03:06:33,0,0,0
2015-02-06 03:07:10,0,0,0
2015-02-06 03:08:23,0,0,0
2015-02-06 03:08:42,0,0,0
2015-02-06 03:09:55,0,0,0
2015-02-06 03:11:07,0,0,0
2015-02-06 03:11:44,0,0,0
2015-02-06 03:13:51,0,0,0
2015-02-06 03:14:10,0,0,0
2015-02-06 03:14:28,0,0,0
2015-02-06 03:14:47,0,0,0
2015-02-06 03:15:42,0,0,0
2015-02-06 03:16:01,1,0,0
2015-02-06 03:16:20,1,0,0
2015-02-06 03:16:57,1,0,0
2015-02-06 03:17:34,1,0,0
2015-02-06 03:18:11,1,0,0
2015-02-06 03:18:30,1,0,0
2015-02-06 03:18:49,1,0,0
2015-02-06 03:19:08,1,0,0
2015-02-06 03:19:27,1,0,0
2015-02-06 03:19:46,1,0,0
2015-02-06 03:20:04,1,0,0
2015-02-06 03:20:23,0,0,0
2015-02-06 03:20:42,0,0,0
2015-02-06 03:21:01,0,0,0
2015-02-06 03:21:20,0,0,0
2015-02-06 03:21:38,0,0,0
2015-02-06 03:21:57,0,0,0
2015-02-06 03:22:16,0,0,0
2015-02-06 03:22:35,0,0,0
2015-02-06 03:23:12,0,0,0
2015-02-06 03:23:31,0,0,0
2015-02-06 03:24:26,0,0,0
2015-02-06 03:25:21,0,0,0
2015-02-06 03:25:57,0,0,0
2015-02-06 03:26:34,0,0,0
2015-02-06 03:28:05,0,0,0
2015-02-06 03:29:18,0,0,0
2015-02-06 03:29:37,0,0,0
2015-02-06 03:30:50,0,0,0
2015-02-06 03:31:27,0,0,0
2015-02-06 03:31:46,0,0,0
2015-02-06 03:32:05,0,0,0
2015-02-06 03:32:24,0,0,0
2015-02-06 03:32:42,0,0,0
2015-02-06 03:33:01,0,0,0
2015-02-06 03:33:20,0,0,0
2015-02-06 03:33:57,0,0,0
2015-02-06 03:35:09,0,0,0
2015-02-06 03:35:28,0,0,0
2015-02-06 03:35:47,0,0,0
2015-02-06 03:36:24,0,0,0
2015-02-06 03:36:42,0,0,0
2015-02-06 03:37:01,0,0,0
2015-02-06 03:37:20,0,0,0
2015-02-06 03:37:57,0,0,0
2015-02-06 03:38:15,0,0,0
2015-02-06 03:38:34,0,0,0
2015-02-06 03:38:53,0,0,0
2015-02-06 03:39:12,0,0,0
2015-02-06 03:39:30,0,0,0
2015-02-06 03:39:49,0,0,0
2015-02-06 03:40:44,0,0,0
2015-02-06 03:41:21,0,0,0
2015-02-06 03:41:40,0,0,0
2015-02-06 03:41:59,0,0,0
2015-02-06 03:42:17,0,0,0
2015-02-06 03:42:36,0,0,0
2015-02-06 03:42:55,0,0,0
2015-02-06 03:43:32,0,0,0
2015-02-06 03:43:50,0,0,0
2015-02-06 03:44:09,0,0,0
2015-02-06 03:44:28,0,0,0
2015-02-06 03:44:47,1,0,0
2015-02-06 03:45:05,1,0,0
2015-02-06 03:45:24,1,0,0
2015-02-06 03:45:43,1,0,0
2015-02-06 03:46:02,1,0,0
2015-02-06 03:47:14,1,0,0
2015-02-06 03:47:51,1,0,0
2015-02-06 03:48:10,1,0,0
2015-02-06 03:48:29,1,0,0
2015-02-06 03:48:48,1,0,0
2015-02-06 03:49:06,1,0,0
2015-02-06 03:49:25,1,0,0
2015-02-06 03:49:44,1,0,0
2015-02-06 03:50:03,0,0,0
2015-02-06 03:50:21,0,0,0
2015-02-06 03:50:40,0,0,0
2015-02-06 03:50:59,0,0,0
2015-02-06 03:51:18,0,0,0
2015-02-06 03:51:37,0,0,0
2015-02-06 03:51:55,0,0,0
2015-02-06 03:52:14,0,0,0
2015-02-06 03:52:51,0,0,0
2015-02-06 03:53:28,0,0,0
2015-02-06 03:54:23,0,0,0
2015-02-06 03:54:59,0,0,0
2015-02-06 03:55:18,0,0,0
2015-02-06 03:55:55,0,0,0
2015-02-06 03:56:50,0,0,0
2015-02-06 03:57:26,0,0,0
2015-02-06 03:57:45,0,0,0
2015-02-06 03:58:04,0,0,0
2015-02-06 03:58:41,0,0,0
2015-02-06 03:58:59,0,0,0
2015-02-06 03:59:36,0,0,0
2015-02-06 04:00:13,0,0,0
2015-02-06 04:00:32,0,0,0
2015-02-06 04:01:08,0,0,0
2015-02-06 04:01:45,0,0,0
2015-02-06 04:02:40,0,0,0
2015-02-06 04:02:59,0,0,0
2015-02-06 04:03:35,0,0,0
2015-02-06 04:04:30,0,0,0
2015-02-06 04:05:25,0,0,0
2015-02-06 04:06:01,0,0,0
2015-02-06 04:06:39,0,0,0
2015-02-06 04:06:59,0,0,0
2015-02-06 04:07:54,0,0,0
2015-02-06 04:09:06,0,0,0
2015-02-06 04:09:43,0,0,0
2015-02-06 04:10:20,0,0,0
2015-02-06 04:10:40,0,0,0
2015-02-06 04:12:12,0,0,0
2015-02-06 04:12:50,0,0,0
2015-02-06 04:14:21,0,0,0
2015-02-06 04:15:33,0,0,0
2015-02-06 04:16:11,1,0,0
2015-02-06 04:16:30,1,0,0
2015-02-06 04:16:49,1,0,0
2015-02-06 04:17:26,1,0,0
2015-02-06 04:18:03,1,0,0
2015-02-06 04:18:22,1,0,0
2015-02-06 04:18:41,1,0,0
2015-02-06 04:19:01,1,0,0
2015-02-06 04:19:20,1,0,0
2015-02-06 04:19:39,1,0,0
2015-02-06 04:19:58,1,0,0
2015-02-06 04:20:17,1,0,0
2015-02-06 04:20:36,1,0,0
2015-02-06 04:20:55,1,0,0
2015-02-06 04:21:14,0,0,0
2015-02-06 04:21:33,0,0,0
2015-02-06 04:21:52,0,0,0
2015-02-06 04:22:12,0,0,0
2015-02-06 04:22:31,0,0,0
2015-02-06 04:22:50,0,0,0
2015-02-06 04:23:27,0,0,0
2015-02-06 04:23:47,0,0,0
2015-02-06 04:24:05,0,0,0
2015-02-06 04:24:44,0,0,0
2015-02-06 04:25:03,0,0,0
2015-02-06 04:25:22,0,0,0
2015-02-06 04:26:01,0,0,0
2015-02-06 04:26:20,0,0,0
2015-02-06 04:27:33,0,0,0
2015-02-06 04:27:52,0,0,0
2015-02-06 04:28:29,0,0,0
2015-02-06 04:28:48,0,0,0
2015-02-06 04:29:07,0,0,0
2015-02-06 04:29:26,0,0,0
2015-02-06 04:30:04,0,0,0
2015-02-06 04:31:18,0,0,0
2015-02-06 04:31:55,0,0,0
2015-02-06 04:32:14,0,0,0
2015-02-06 04:32:33,0,0,0
2015-02-06 04:33:27,0,0,0
2015-02-06 04:34:04,0,0,0
2015-02-06 04:34:41,0,0,0
2015-02-06 04:35:00,0,0,0
2015-02-06 04:35:18,0,0,0
2015-02-06 04:35:37,0,0,0
2015-02-06 04:36:32,0,0,0
2015-02-06 04:36:51,0,0,0
2015-02-06 04:37:45,0,0,0
2015-02-06 04:38:04,0,0,0
2015-02-06 04:39:17,0,0,0
2015-02-06 04:39:36,0,0,0
2015-02-06 04:39:55,0,0,0
2015-02-06 04:40:14,0,0,0
2015-02-06 04:40:32,0,0,0
2015-02-06 04:41:09,0,0,0
2015-02-06 04:41:46,0,0,0
2015-02-06 04:42:23,0,0,0
2015-02-06 04:42:41,0,0,0
2015-02-06 04:43:00,0,0,0
2015-02-06 04:43:37,0,0,0
2015-02-06 04:45:26,0,0,0
2015-02-06 04:45:44,0,0,0
2015-02-06 04:46:03,1,0,0
2015-02-06 04:46:22,1,0,0
2015-02-06 04:46:41,1,0,0
2015-02-06 04:47:00,1,0,0
2015-02-06 04:47:18,1,0,0
2015-02-06 04:47:37,1,0,0
2015-02-06 04:48:32,1,0,0
2015-02-06 04:48:51,1,0,0
2015-02-06 04:49:10,1,0,0
2015-02-06 04:49:28,1,0,0
2015-02-06 04:49:47,1,0,0
2015-02-06 04:50:06,1,0,0
2015-02-06 04:50:25,1,0,0
2015-02-06 04:50:44,1,0,0
2015-02-06 04:51:02,1,0,0
2015-02-06 04:51:21,0,0,0
2015-02-06 04:51:40,0,0,0
2015-02-06 04:51:59,0,0,0
2015-02-06 04:52:18,0,0,0
2015-02-06 04:52:36,0,0,0
2015-02-06 04:52:55,0,0,0
2015-02-06 04:53:32,0,0,0
2015-02-06 04:53:51,0,0,0
2015-02-06 04:54:10,0,0,0
2015-02-06 04:54:46,0,0,0
2015-02-06 04:55:05,0,0,0
2015-02-06 04:56:00,0,0,0
2015-02-06 04:56:37,0,0,0
2015-02-06 04:56:56,0,0,0
2015-02-06 04:57:15,0,0,0
2015-02-06 04:57:33,0,0,0
2015-02-06 04:58:10,0,0,0
2015-02-06 04:58:47,0,0,0
2015-02-06 04:59:24,0,0,0
2015-02-06 04:59:43,0,0,0
2015-02-06 05:00:01,0,0,0
2015-02-06 05:00:56,0,0,0
2015-02-06 05:01:15,0,0,0
2015-02-06 05:01:34,0,0,0
2015-02-06 05:02:10,0,0,0
2015-02-06 05:03:07,0,0,0
2015-02-06 05:03:44,0,0,0
2015-02-06 05:04:21,0,0,0
2015-02-06 05:04:39,0,0,0
2015-02-06 05:04:58,0,0,0
2015-02-06 05:05:17,0,0,0
2015-02-06 05:05:54,0,0,0
2015-02-06 05:06:13,0,0,0
2015-02-06 05:06:50,0,0,0
2015-02-06 05:08:22,0,0,0
2015-02-06 05:08:41,0,0,0
2015-02-06 05:10:13,0,0,0
2015-02-06 05:10:32,0,0,0
2015-02-06 05:11:08,0,0,0
2015-02-06 05:11:28,0,0,0
2015-02-06 05:12:05,0,0,0
2015-02-06 05:12:23,0,0,0
2015-02-06 05:13:18,0,0,0
2015-02-06 05:13:37,0,0,0
2015-02-06 05:13:56,0,0,0
2015-02-06 05:14:15,0,0,0
2015-02-06 05:14:34,0,0,0
2015-02-06 05:14:53,0,0,0
2015-02-06 05:15:12,1,0,0
2015-02-06 05:15:49,1,0,0
2015-02-06 05:16:46,1,0,0
2015-02-06 05:17:05,1,0,0
2015-02-06 05:17:43,1,0,0
2015-02-06 05:18:02,1,0,0
2015-02-06 05:18:21,1,0,0
2015-02-06 05:18:40,1,0,0
2015-02-06 05:18:59,1,0,0
2015-02-06 05:19:19,1,0,0
2015-02-06 05:19:38,1,0,0
2015-02-06 05:19:57,1,0,0
2015-02-06 05:20:16,1,0,0
2015-02-06 05:20:35,0,0,0
2015-02-06 05:20:54,0,0,0
2015-02-06 05:21:13,0,0,0
2015-02-06 05:21:32,0,0,0
2015-02-06 05:21:51,0,0,0
2015-02-06 05:22:10,0,0,0
2015-02-06 05:22:29,0,0,0
2015-02-06 05:23:26,0,0,0
2015-02-06 05:23:45,0,0,0
2015-02-06 05:25:16,0,0,0
2015-02-06 05:26:11,0,0,0
2015-02-06 05:26:30,0,0,0
2015-02-06 05:27:26,0,0,0
2015-02-06 05:28:03,0,0,0
2015-02-06 05:28:23,0,0,0
2015-02-06 05:28:42,0,0,0
2015-02-06 05:29:03,0,0,0
2015-02-06 05:29:22,0,0,0
2015-02-06 05:29:59,0,0,0
2015-02-06 05:31:12,0,0,0
2015-02-06 05:31:31,0,0,0
2015-02-06 05:32:08,0,0,0
2015-02-06 05:32:27,0,0,0
2015-02-06 05:32:48,0,0,0
2015-02-06 05:33:25,0,0,0
2015-02-06 05:33:44,0,0,0
2015-02-06 05:34:03,0,0,0
2015-02-06 05:34:22,0,0,0
2015-02-06 05:35:18,0,0,0
2015-02-06 05:35:37,0,0,0
2015-02-06 05:37:08,0,0,0
2015-02-06 05:37:45,0,0,0
2015-02-06 05:38:22,0,0,0
2015-02-06 05:39:17,0,0,0
2015-02-06 05:39:54,0,0,0
2015-02-06 05:40:13,0,0,0
2015-02-06 05:40:32,0,0,0
2015-02-06 05:40:51,0,0,0
2015-02-06 05:41:09,0,0,0
2015-02-06 05:41:46,0,0,0
2015-02-06 05:42:41,0,0,0
2015-02-06 05:43:56,0,0,0
2015-02-06 05:44:33,1,0,0
2015-02-06 05:45:10,1,0,0
2015-02-06 05:45:28,1,0,0
2015-02-06 05:46:05,1,0,0
2015-02-06 05:47:00,1,0,0
2015-02-06 05:47:19,1,0,0
2015-02-06 05:47:56,1,0,0
2015-02-06 05:48:15,1,0,0
2015-02-06 05:48:34,1,0,0
2015-02-06 05:48:52,1,0,0
2015-02-06 05:49:11,1,0,0
2015-02-06 05:49:30,1,0,0
2015-02-06 05:49:49,0,0,0
2015-02-06 05:50:08,0,0,0
2015-02-06 05:50:27,0,0,0
2015-02-06 05:50:45,0,0,0
2015-02-06 05:51:04,0,0,0
2015-02-06 05:51:23,0,0,0
2015-02-06 05:52:00,0,0,0
2015-02-06 05:52:19,0,0,0
2015-02-06 05:52:38,0,0,0
2015-02-06 05:53:33,0,0,0
2015-02-06 05:53:51,0,0,0
2015-02-06 05:54:28,0,0,0
2015-02-06 05:54:47,0,0,0
2015-02-06 05:56:00,0,0,0
2015-02-06 05:56:19,0,0,0
2015-02-06 05:56:37,0,0,0
2015-02-06 05:56:56,0,0,0
2015-02-06 05:57:51,0,0,0
2015-02-06 05:58:28,0,0,0
2015-02-06 05:58:47,0,0,0
2015-02-06 05:59:41,0,0,0
2015-02-06 06:00:18,0,0,0
2015-02-06 06:00:55,0,0,0
2015-02-06 06:01:14,0,0,0
2015-02-06 06:02:26,0,0,0
2015-02-06 06:02:45,0,0,0
2015-02-06 06:03:04,0,0,0
2015-02-06 06:03:41,0,0,0
2015-02-06 06:04:18,0,0,0
2015-02-06 06:04:36,0,0,0
2015-02-06 06:05:13,0,0,0
2015-02-06 06:05:32,0,0,0
2015-02-06 06:06:09,0,0,0
2015-02-06 06:06:28,0,0,0
2015-02-06 06:06:47,0,0,0
2015-02-06 06:07:05,0,0,0
2015-02-06 06:07:24,0,0,0
2015-02-06 06:08:37,0,0,0
2015-02-06 06:09:32,0,0,0
2015-02-06 06:09:51,0,0,0
2015-02-06 06:10:27,0,0,0
2015-02-06 06:11:04,1,0,0
2015-02-06 06:11:41,1,0,0
2015-02-06 06:12:00,1,0,0
2015-02-06 06:13:30,1,0,0
2015-02-06 06:13:49,1,0,0
2015-02-06 06:14:08,1,0,0
2015-02-06 06:14:45,1,0,0
2015-02-06 06:15:04,1,0,0
2015-02-06 06:15:22,1,0,0
2015-02-06 06:15:41,1,0,0
2015-02-06 06:16:00,1,0,0
2015-02-06 06:16:19,1,0,0
2015-02-06 06:16:38,0,0,0
2015-02-06 06:16:57,0,0,0
2015-02-06 06:17:16,0,0,0
2015-02-06 06:17:34,0,0,0
2015-02-06 06:17:53,0,0,0
2015-02-06 06:18:12,0,0,0
2015-02-06 06:18:31,0,0,0
2015-02-06 06:19:08,0,0,0
2015-02-06 06:19:27,0,0,0
2015-02-06 06:19:46,0,0,0
2015-02-06 06:20:05,0,0,0
2015-02-06 06:20:24,0,0,0
2015-02-06 06:20:43,0,0,0
2015-02-06 06:21:02,0,0,0
2015-02-06 06:21:21,0,0,0
2015-02-06 06:22:18,0,0,0
2015-02-06 06:23:13,0,0,0
2015-02-06 06:23:32,0,0,0
2015-02-06 06:23:55,0,0,0
2015-02-06 06:24:14,0,0,0
2015-02-06 06:24:33,0,0,0
2015-02-06 06:24:54,0,0,0
2015-02-06 06:25:31,0,0,0
2015-02-06 06:25:51,0,0,0
2015-02-06 06:26:14,0,0,0
2015-02-06 06:26:39,0,0,0
2015-02-06 06:26:57,0,0,0
2015-02-06 06:27:17,0,0,0
2015-02-06 06:27:54,0,0,0
2015-02-06 06:28:13,0,0,0
2015-02-06 06:29:10,0,0,0
2015-02-06 06:29:29,0,0,0
2015-02-06 06:30:24,0,0,0
2015-02-06 06:31:19,0,0,0
2015-02-06 06:31:38,0,0,0
2015-02-06 06:31:57,0,0,0
2015-02-06 06:32:15,0,0,0
2015-02-06 06:32:52,0,0,0
2015-02-06 06:33:20,0,0,0
2015-02-06 06:33:39,0,0,0
2015-02-06 06:33:57,0,0,0
2015-02-06 06:35:10,0,0,0
2015-02-06 06:35:48,0,0,0
2015-02-06 06:36:27,0,0,0
2015-02-06 06:36:45,0,0,0
2015-02-06 06:37:10,0,0,0
2015-02-06 06:37:29,0,0,0
2015-02-06 06:37:48,0,0,0
2015-02-06 06:39:01,0,0,0
2015-02-06 06:39:57,0,0,0
2015-02-06 06:40:16,1,0,0
2015-02-06 06:40:53,1,0,0
2015-02-06 06:41:48,1,0,0
2015-02-06 06:42:44,1,0,0
2015-02-06 06:43:21,1,0,0
2015-02-06 06:43:40,1,0,0
2015-02-06 06:43:59,1,0,0
2015-02-06 06:44:18,1,0,0
2015-02-06 06:44:37,1,0,0
2015-02-06 06:44:56,1,0,0
2015-02-06 06:45:14,1,0,0
2015-02-06 06:45:33,0,0,0
2015-02-06 06:46:10,0,0,0
2015-02-06 06:46:30,0,0,0
2015-02-06 06:46:49,0,0,0
2015-02-06 06:47:08,0,0,0
2015-02-06 06:47:45,0,0,0
2015-02-06 06:48:22,0,0,0
2015-02-06 06:49:00,0,0,0
2015-02-06 06:49:37,0,0,0
2015-02-06 06:49:57,0,0,0
2015-02-06 06:50:16,0,0,0
2015-02-06 06:50:52,0,0,0
2015-02-06 06:51:12,0,0,0
2015-02-06 06:52:24,0,0,0
2015-02-06 06:52:43,0,0,0
2015-02-06 06:53:02,0,0,0
2015-02-06 06:53:21,0,0,0
2015-02-06 06:53:40,0,0,0
2015-02-06 06:55:29,0,0,0
2015-02-06 06:56:24,0,0,0
2015-02-06 06:56:45,0,0,0
2015-02-06 06:57:04,0,0,0
2015-02-06 06:57:23,0,0,0
2015-02-06 06:57:42,0,0,0
2015-02-06 06:58:19,0,0,0
2015-02-06 06:58:38,0,0,0
2015-02-06 06:58:57,0,0,0
2015-02-06 06:59:16,0,0,0
2015-02-06 06:59:53,0,0,0
2015-02-06 07:00:48,0,0,0
2015-02-06 07:01:07,0,0,0
2015-02-06 07:01:26,0,0,0
2015-02-06 07:01:45,0,0,0
2015-02-06 07:02:04,0,0,0
2015-02-06 07:02:23,0,0,0
2015-02-06 07:03:18,0,0,0
2015-02-06 07:03:37,0,0,0
2015-02-06 07:03:56,0,0,0
2015-02-06 07:04:15,0,0,0
2015-02-06 07:04:33,0,0,0
2015-02-06 07:04:52,0,0,0
2015-02-06 07:05:47,0,0,0
2015-02-06 07:06:24,0,0,0
2015-02-06 07:06:43,0,0,0
2015-02-06 07:08:14,0,0,0
2015-02-06 07:08:33,0,0,0
2015-02-06 07:09:28,1,0,0
2015-02-06 07:10:05,1,0,0
2015-02-06 07:10:24,1,0,0
2015-02-06 07:12:13,1,0,0
2015-02-06 07:12:32,1,0,0
2015-02-06 07:12:51,1,0,0
2015-02-06 07:13:09,1,0,0
2015-02-06 07:13:28,1,0,0
2015-02-06 07:13:47,1,0,0
2015-02-06 07:14:06,1,0,0
2015-02-06 07:14:25,1,0,0
2015-02-06 07:14:44,1,0,0
2015-02-06 07:15:05,0,0,0
2015-02-06 07:15:23,0,0,0
2015-02-06 07:15:42,0,0,0
2015-02-06 07:16:01,0,0,0
2015-02-06 07:16:20,0,0,0
2015-02-06 07:16:57,0,0,0
2015-02-06 07:17:16,0,0,0
2015-02-06 07:17:53,0,0,0
2015-02-06 07:18:48,0,0,0
2015-02-06 07:19:43,0,0,0
2015-02-06 07:20:02,0,0,0
2015-02-06 07:20:39,0,0,0
2015-02-06 07:20:58,0,0,0
2015-02-06 07:21:35,0,0,0
2015-02-06 07:23:06,0,0,0
2015-02-06 07:23:43,0,0,0
2015-02-06 07:24:20,0,0,0
2015-02-06 07:24:39,0,0,0
2015-02-06 07:25:34,0,0,0
2015-02-06 07:26:11,0,0,0
2015-02-06 07:27:24,0,0,0
2015-02-06 07:28:01,0,0,0
2015-02-06 07:28:38,0,0,0
2015-02-06 07:29:51,0,0,0
2015-02-06 07:30:10,0,0,0
2015-02-06 07:30:47,0,0,0
2015-02-06 07:31:06,0,0,0
2015-02-06 07:31:43,0,0,0
2015-02-06 07:32:02,0,0,0
2015-02-06 07:33:15,0,0,0
2015-02-06 07:33:52,0,0,0
2015-02-06 07:34:11,0,0,0
2015-02-06 07:34:30,0,0,0
2015-02-06 07:35:07,0,0,0
2015-02-06 07:36:02,0,0,0
2015-02-06 07:36:21,0,0,0
2015-02-06 07:37:16,0,0,0
2015-02-06 07:37:35,0,0,0
2015-02-06 07:37:54,0,0,0
2015-02-06 07:39:07,1,0,0
2015-02-06 07:39:26,1,0,0
2015-02-06 07:40:02,1,0,0
2015-02-06 07:40:40,1,0,0
2015-02-06 07:41:00,1,0,0
2015-02-06 07:41:21,1,0,0
2015-02-06 07:41:58,1,0,0
2015-02-06 07:42:17,1,0,0
2015-02-06 07:42:36,1,0,0
2015-02-06 07:42:55,1,0,0
2015-02-06 07:43:14,1,0,0
2015-02-06 07:43:51,1,0,0
2015-02-06 07:44:10,0,0,0
2015-02-06 07:44:29,0,0,0
2015-02-06 07:44:48,0,0,0
2015-02-06 07:45:07,0,0,0
2015-02-06 07:45:26,0,0,0
2015-02-06 07:45:45,0,0,0
2015-02-06 07:46:04,0,0,0
2015-02-06 07:46:25,0,0,0
2015-02-06 07:46:44,0,0,0
2015-02-06 07:47:57,0,0,0
2015-02-06 07:48:18,0,0,0
2015-02-06 07:49:05,0,0,0
2015-02-06 07:49:24,0,1,0
2015-02-06 07:49:43,0,1,0
2015-02-06 07:50:02,0,1,0
2015-02-06 07:50:21,0,1,0
2015-02-06 07:50:58,0,1,0
2015-02-06 07:51:35,0,1,0
2015-02-06 07:52:48,0,1,0
2015-02-06 07:53:11,0,1,0
2015-02-06 07:53:30,0,1,0
2015-02-06 07:54:25,0,1,0
2015-02-06 07:55:02,0,1,0
2015-02-06 07:55:21,0,1,0
2015-02-06 07:55:40,0,1,0
2015-02-06 07:57:29,0,1,0
2015-02-06 07:57:48,0,1,0
2015-02-06 07:58:31,0,1,0
2015-02-06 07:58:50,0,1,0
2015-02-06 07:59:09,0,1,0
2015-02-06 07:59:30,0,1,0
2015-02-06 07:59:49,0,1,0
2015-02-06 08:01:02,0,1,0
2015-02-06 08:01:21,0,1,0
2015-02-06 08:02:34,0,1,0
2015-02-06 08:03:47,0,1,0
2015-02-06 08:04:42,0,1,0
2015-02-06 08:05:19,0,1,0
2015-02-06 08:05:38,0,1,0
2015-02-06 08:05:58,0,1,0
2015-02-06 08:06:35,0,1,0
2015-02-06 08:07:48,0,1,0
2015-02-06 08:08:25,0,1,0
2015-02-06 08:08:44,0,1,0
2015-02-06 08:10:05,0,0,0
2015-02-06 08:10:24,0,0,0
2015-02-06 08:11:01,0,0,0
2015-02-06 08:11:20,0,0,0
2015-02-06 08:12:51,0,0,0
2015-02-06 08:13:28,1,0,0
2015-02-06 08:14:09,1,0,0
2015-02-06 08:14:46,1,0,0
2015-02-06 08:15:23,1,0,0
2015-02-06 08:15:43,1,0,0
2015-02-06 08:16:38,1,0,0
2015-02-06 08:16:57,1,0,0
2015-02-06 08:17:18,1,0,0
2015-02-06 08:17:37,1,0,0
2015-02-06 08:17:55,1,0,0
2015-02-06 08:18:32,1,0,0
2015-02-06 08:18:52,0,0,0
2015-02-06 08:19:10,0,0,0
2015-02-06 08:19:29,0,0,0
2015-02-06 08:19:48,0,0,0
2015-02-06 08:20:07,0,0,0
2015-02-06 08:20:26,0,0,0
2015-02-06 08:20:45,0,0,0
2015-02-06 08:21:04,0,0,0
2015-02-06 08:21:23,0,0,0
2015-02-06 08:22:00,0,0,0
2015-02-06 08:22:37,0,0,0
2015-02-06 08:22:56,0,0,0
2015-02-06 08:23:15,0,0,0
2015-02-06 08:24:10,0,0,0
2015-02-06 08:24:29,0,0,0
2015-02-06 08:24:48,0,0,0
2015-02-06 08:26:01,0,0,0
2015-02-06 08:26:38,0,0,0
2015-02-06 08:27:14,0,0,0
2015-02-06 08:27:52,0,0,0
2015-02-06 08:29:23,0,0,0
2015-02-06 08:30:00,0,0,0
2015-02-06 08:30:19,0,0,0
2015-02-06 08:30:38,0,0,0
2015-02-06 08:30:57,0,0,0
2015-02-06 08:31:16,0,0,0
2015-02-06 08:32:10,0,0,0
2015-02-06 08:32:29,0,0,0
2015-02-06 08:33:06,0,0,0
2015-02-06 08:33:25,0,0,0
2015-02-06 08:34:02,0,0,0
2015-02-06 08:34:39,0,0,0
2015-02-06 08:35:52,0,0,0
2015-02-06 08:36:31,0,0,0
2015-02-06 08:36:51,0,0,0
2015-02-06 08:37:27,0,0,0
2015-02-06 08:38:58,0,0,0
2015-02-06 08:39:17,0,0,0
2015-02-06 08:40:30,0,0,0
2015-02-06 08:40:49,0,0,0
2015-02-06 08:41:08,0,0,0
2015-02-06 08:42:21,0,0,0
2015-02-06 08:42:40,0,0,0
2015-02-06 08:42:58,1,0,0
2015-02-06 08:43:17,1,0,0
2015-02-06 08:43:36,1,0,0
2015-02-06 08:44:13,1,0,0
2015-02-06 08:44:51,1,0,0
2015-02-06 08:45:10,1,0,0
2015-02-06 08:46:07,1,0,0
2015-02-06 08:46:26,1,0,0
2015-02-06 08:46:45,1,0,0
2015-02-06 08:47:05,1,0,0
2015-02-06 08:47:23,1,0,0
2015-02-06 08:47:42,1,0,0
2015-02-06 08:48:01,1,0,0
2015-02-06 08:48:20,0,0,0
2015-02-06 08:48:39,0,0,0
2015-02-06 08:48:58,0,0,0
2015-02-06 08:49:17,0,0,0
2015-02-06 08:49:36,0,0,0
2015-02-06 08:49:55,0,0,0
2015-02-06 08:50:32,0,0,0
2015-02-06 08:50:51,0,0,0
2015-02-06 08:51:11,0,0,0
2015-02-06 08:52:05,0,0,0
2015-02-06 08:52:24,0,0,0
2015-02-06 08:52:43,0,0,0
2015-02-06 08:53:20,0,0,0
2015-02-06 08:54:51,0,0,0
2015-02-06 08:55:10,0,0,0
2015-02-06 08:56:23,0,0,0
2015-02-06 08:57:18,0,0,0
2015-02-06 08:57:55,0,0,0
2015-02-06 08:58:14,0,0,0
2015-02-06 08:58:33,0,0,0
2015-02-06 08:58:52,0,0,0
2015-02-06 09:00:05,0,0,0
2015-02-06 09:01:00,0,0,0
2015-02-06 09:01:19,0,0,0
2015-02-06 09:02:14,0,0,0
2015-02-06 09:03:09,0,0,0
2015-02-06 09:04:04,0,0,0
2015-02-06 09:04:23,0,0,0
2015-02-06 09:05:36,0,0,0
2015-02-06 09:06:31,0,0,0
2015-02-06 09:06:51,0,0,0
2015-02-06 09:08:03,0,0,0
2015-02-06 09:08:58,0,0,0
2015-02-06 09:10:29,0,0,0
2015-02-06 09:10:48,0,0,0
2015-02-06 09:11:07,0,0,0
2015-02-06 09:11:44,1,0,0
2015-02-06 09:12:21,1,0,0
2015-02-06 09:13:52,1,0,0
2015-02-06 09:14:47,1,0,0
2015-02-06 09:15:06,1,0,0
2015-02-06 09:15:43,1,0,0
2015-02-06 09:16:02,1,0,0
2015-02-06 09:16:21,1,0,0
2015-02-06 09:16:40,1,0,0
2015-02-06 09:16:59,0,0,0
2015-02-06 09:17:18,0,0,0
2015-02-06 09:17:37,0,0,0
2015-02-06 09:17:56,0,0,0
2015-02-06 09:18:15,0,0,0
2015-02-06 09:18:34,0,0,0
2015-02-06 09:18:53,0,0,0
2015-02-06 09:19:30,0,0,0
2015-02-06 09:20:07,0,0,0
2015-02-06 09:20:44,0,0,0
2015-02-06 09:21:04,0,0,0
2015-02-06 09:21:41,0,0,0
2015-02-06 09:22:00,0,0,0
2015-02-06 09:22:19,0,0,0
2015-02-06 09:23:14,0,0,0
2015-02-06 09:24:44,0,0,0
2015-02-06 09:25:21,0,0,0
2015-02-06 09:25:41,0,0,0
2015-02-06 09:26:17,0,0,0
2015-02-06 09:26:37,0,0,0
2015-02-06 09:26:56,0,0,0
2015-02-06 09:27:33,0,0,0
2015-02-06 09:27:52,0,0,0
2015-02-06 09:28:29,0,0,0
2015-02-06 09:29:24,0,0,0
2015-02-06 09:29:43,0,0,0
2015-02-06 09:30:02,0,0,0
2015-02-06 09:30:21,0,0,0
2015-02-06 09:31:51,0,0,0
2015-02-06 09:32:10,0,0,0
2015-02-06 09:32:29,0,0,0
2015-02-06 09:33:06,0,0,0
2015-02-06 09:33:45,0,0,0
2015-02-06 09:34:04,0,0,0
2015-02-06 09:34:23,0,0,0
2015-02-06 09:34:42,0,0,0
2015-02-06 09:35:01,0,0,0
2015-02-06 09:35:38,0,0,0
2015-02-06 09:36:17,0,0,0
2015-02-06 09:37:15,0,0,0
2015-02-06 09:37:34,0,0,0
2015-02-06 09:37:53,0,0,0
2015-02-06 09:38:30,1,0,0
2015-02-06 09:40:57,1,0,0
2015-02-06 09:41:34,1,0,0
2015-02-06 09:41:53,1,0,0
2015-02-06 09:42:30,1,0,0
2015-02-06 09:42:50,1,0,0
2015-02-06 09:43:09,1,0,0
2015-02-06 09:43:30,1,0,0
2015-02-06 09:43:49,0,0,0
2015-02-06 09:44:08,0,0,0
2015-02-06 09:44:27,0,0,0
2015-02-06 09:44:46,0,0,0
2015-02-06 09:45:05,0,0,0
2015-02-06 09:45:24,0,0,0
2015-02-06 09:45:43,0,0,0
2015-02-06 09:46:02,0,0,0
2015-02-06 09:46:39,0,0,0
2015-02-06 09:47:16,0,0,0
2015-02-06 09:47:54,0,0,0
2015-02-06 09:48:13,0,0,0
2015-02-06 09:48:34,0,0,0
2015-02-06 09:49:10,0,0,0
2015-02-06 09:49:48,0,0,0
2015-02-06 09:50:43,0,0,0
2015-02-06 09:51:20,0,0,0
2015-02-06 09:51:40,0,0,0
2015-02-06 09:51:59,0,0,0
2015-02-06 09:52:18,0,0,0
2015-02-06 09:52:55,0,0,0
2015-02-06 09:54:26,0,0,0
2015-02-06 09:55:21,0,0,0
2015-02-06 09:55:41,0,0,0
2015-02-06 09:56:36,0,0,0
2015-02-06 09:57:13,0,0,0
2015-02-06 09:57:33,0,0,0
2015-02-06 09:58:46,0,0,0
2015-02-06 09:59:23,0,0,0
2015-02-06 09:59:42,0,0,0
2015-02-06 10:00:01,0,0,0
2015-02-06 10:00:21,0,0,0
2015-02-06 10:00:39,0,0,0
2015-02-06 10:00:59,0,0,0
2015-02-06 10:01:18,0,0,0
2015-02-06 10:02:12,0,0,0
2015-02-06 10:02:32,0,0,0
2015-02-06 10:03:45,0,0,0
2015-02-06 10:04:04,0,0,0
2015-02-06 10:04:41,0,0,0
2015-02-06 10:05:18,0,0,0
2015-02-06 10:06:16,0,0,0
2015-02-06 10:06:35,1,0,0
2015-02-06 10:08:23,1,0,0
2015-02-06 10:08:42,1,0,0
2015-02-06 10:09:01,1,0,0
2015-02-06 10:09:21,1,0,0
2015-02-06 10:09:58,1,0,0
2015-02-06 10:10:17,1,0,0
2015-02-06 10:10:36,1,0,0
2015-02-06 10:10:55,1,0,0
2015-02-06 10:11:14,1,0,0
2015-02-06 10:11:33,1,0,0
2015-02-06 10:11:51,1,0,0
2015-02-06 10:12:10,0,0,0
2015-02-06 10:12:29,0,0,0
2015-02-06 10:12:48,0,0,0
2015-02-06 10:13:07,0,0,0
2015-02-06 10:13:26,0,0,0
2015-02-06 10:13:45,0,0,0
2015-02-06 10:14:04,0,0,0
2015-02-06 10:14:23,0,0,0
2015-02-06 10:14:42,0,0,0
2015-02-06 10:15:01,0,0,0
2015-02-06 10:15:20,0,0,0
2015-02-06 10:15:39,0,0,0
2015-02-06 10:15:58,0,0,0
2015-02-06 10:16:36,0,0,0
2015-02-06 10:17:14,0,0,0
2015-02-06 10:17:51,0,0,0
2015-02-06 10:18:10,0,0,0
2015-02-06 10:18:47,0,0,0
2015-02-06 10:20:00,0,0,0
2015-02-06 10:20:37,0,0,0
2015-02-06 10:20:57,0,0,0
2015-02-06 10:21:16,0,0,0
2015-02-06 10:21:52,0,0,0
2015-02-06 10:22:30,0,0,0
2015-02-06 10:23:43,0,0,0
2015-02-06 10:24:20,0,0,0
2015-02-06 10:24:57,0,0,0
2015-02-06 10:25:16,0,0,0
2015-02-06 10:25:35,0,0,0
2015-02-06 10:25:54,0,0,0
2015-02-06 10:26:31,0,0,0
2015-02-06 10:26:51,0,0,0
2015-02-06 10:27:10,0,0,0
2015-02-06 10:27:46,0,0,0
2015-02-06 10:28:06,0,0,0
2015-02-06 10:29:01,0,0,0
2015-02-06 10:29:56,0,0,0
2015-02-06 10:30:33,0,0,0
2015-02-06 10:31:10,0,0,0
2015-02-06 10:32:06,0,0,0
2015-02-06 10:32:25,0,0,0
2015-02-06 10:33:19,0,0,0
2015-02-06 10:33:50,0,0,0
2015-02-06 10:34:27,1,0,0
2015-02-06 10:35:23,1,0,0
2015-02-06 10:36:00,1,0,0
2015-02-06 10:36:19,1,0,0
2015-02-06 10:36:38,1,0,0
2015-02-06 10:36:57,1,0,0
2015-02-06 10:37:16,1,0,0
2015-02-06 10:37:35,1,0,0
2015-02-06 10:37:54,1,0,0
2015-02-06 10:38:32,1,0,0
2015-02-06 10:38:51,1,0,0
2015-02-06 10:39:10,1,0,0
2015-02-06 10:39:29,1,0,0
2015-02-06 10:39:49,0,0,0
2015-02-06 10:40:08,0,0,0
2015-02-06 10:40:27,0,0,0
2015-02-06 10:40:45,0,0,0
2015-02-06 10:41:04,0,0,0
2015-02-06 10:41:23,0,0,0
2015-02-06 10:41:43,0,0,0
2015-02-06 10:42:19,0,0,0
2015-02-06 10:42:39,0,0,0
2015-02-06 10:43:16,0,0,0
2015-02-06 10:43:36,0,0,0
2015-02-06 10:43:55,0,0,0
2015-02-06 10:44:14,0,0,0
2015-02-06 10:44:51,0,0,0
2015-02-06 10:47:02,0,0,0
2015-02-06 10:47:58,0,0,0
2015-02-06 10:48:17,0,0,0
2015-02-06 10:48:36,0,0,0
2015-02-06 10:49:13,0,0,0
2015-02-06 10:50:45,0,0,0
2015-02-06 10:51:06,0,0,0
2015-02-06 10:52:00,0,0,0
2015-02-06 10:52:56,0,0,0
2015-02-06 10:54:09,0,0,0
2015-02-06 10:54:46,0,0,0
2015-02-06 10:55:23,0,0,0
2015-02-06 10:56:19,0,0,0
2015-02-06 10:57:16,0,0,0
2015-02-06 10:58:11,0,0,0
2015-02-06 10:58:47,0,0,0
2015-02-06 10:59:07,0,0,0
2015-02-06 10:59:30,0,0,0
2015-02-06 11:00:45,0,0,0
2015-02-06 11:01:22,0,0,0
2015-02-06 11:01:59,0,0,0
2015-02-06 11:03:31,0,0,0
2015-02-06 11:03:50,1,0,0
2015-02-06 11:05:04,1,0,0
2015-02-06 11:05:25,1,0,0
2015-02-06 11:05:44,1,0,0
2015-02-06 11:06:21,1,0,0
2015-02-06 11:06:58,1,0,0
2015-02-06 11:07:18,1,0,0
2015-02-06 11:07:37,1,0,0
2015-02-06 11:07:56,1,0,0
2015-02-06 11:08:15,1,0,0
2015-02-06 11:08:34,0,0,0
2015-02-06 11:08:53,0,0,0
2015-02-06 11:09:11,0,0,0
2015-02-06 11:09:30,0,0,0
2015-02-06 11:09:49,0,0,0
2015-02-06 11:10:10,0,0,0
2015-02-06 11:10:29,0,0,0
2015-02-06 11:11:24,0,0,0
2015-02-06 11:12:19,0,0,0
2015-02-06 11:12:38,0,0,0
2015-02-06 11:12:57,0,0,0
2015-02-06 11:14:46,0,0,0
2015-02-06 11:15:22,0,0,0
2015-02-06 11:15:42,0,0,0
2015-02-06 11:16:01,0,0,0
2015-02-06 11:16:38,0,0,0
2015-02-06 11:16:57,0,0,0
2015-02-06 11:17:34,0,0,0
2015-02-06 11:17:53,0,0,0
2015-02-06 11:18:30,0,0,0
2015-02-06 11:18:50,0,0,0
2015-02-06 11:20:02,0,0,0
2015-02-06 11:20:21,0,0,0
2015-02-06 11:20:58,0,0,0
2015-02-06 11:21:18,0,0,0
2015-02-06 11:21:55,0,0,0
2015-02-06 11:22:32,0,0,0
2015-02-06 11:22:51,0,0,0
2015-02-06 11:24:04,0,0,0
2015-02-06 11:24:23,0,0,0
2015-02-06 11:25:18,0,0,0
2015-02-06 11:25:37,0,0,0
2015-02-06 11:27:26,0,0,0
2015-02-06 11:28:21,0,0,0
2015-02-06 11:28:40,0,0,0
2015-02-06 11:29:17,0,0,0
2015-02-06 11:29:54,1,0,0
2015-02-06 11:30:49,1,0,0
2015-02-06 11:31:44,1,0,0
2015-02-06 11:32:39,1,0,0
2015-02-06 11:32:59,1,0,0
2015-02-06 11:33:18,1,0,0
2015-02-06 11:33:37,1,0,0
2015-02-06 11:33:56,1,0,0
2015-02-06 11:34:15,1,0,0
2015-02-06 11:34:34,1,0,0
2015-02-06 11:34:53,1,0,0
2015-02-06 11:35:12,0,0,0
2015-02-06 11:35:31,0,0,0
2015-02-06 11:35:51,0,0,0
2015-02-06 11:36:10,0,0,0
2015-02-06 11:36:29,0,0,0
2015-02-06 11:36:48,0,0,0
2015-02-06 11:37:25,0,0,0
2015-02-06 11:37:44,0,0,0
2015-02-06 11:38:21,0,0,0
2015-02-06 11:39:34,0,0,0
2015-02-06 11:39:53,0,0,0
2015-02-06 11:40:12,0,0,0
2015-02-06 11:41:25,0,0,0
2015-02-06 11:42:38,0,0,0
2015-02-06 11:43:17,0,0,0
2015-02-06 11:43:55,0,0,0
2015-02-06 11:44:14,0,0,0
2015-02-06 11:44:34,0,0,0
2015-02-06 11:44:53,0,0,0
2015-02-06 11:45:30,0,0,0
2015-02-06 11:45:49,0,0,0
2015-02-06 11:46:44,0,0,0
2015-02-06 11:47:03,0,0,0
2015-02-06 11:47:40,0,0,0
2015-02-06 11:48:00,0,0,0
2015-02-06 11:48:19,0,0,0
2015-02-06 11:48:38,0,0,0
2015-02-06 11:49:15,0,0,0
2015-02-06 11:49:34,0,0,0
2015-02-06 11:49:53,0,0,0
2015-02-06 11:50:12,0,0,0
2015-02-06 11:50:31,0,0,0
2015-02-06 11:50:51,0,0,0
2015-02-06 11:51:46,0,0,0
2015-02-06 11:52:23,0,0,0
2015-02-06 11:53:36,0,0,0
2015-02-06 11:54:31,0,0,0
2015-02-06 11:55:09,0,0,0
2015-02-06 11:55:46,0,0,0
2015-02-06 11:56:08,0,0,0
2015-02-06 11:56:44,0,0,0
2015-02-06 11:57:04,0,0,0
2015-02-06 11:57:41,0,0,0
2015-02-06 11:58:00,1,0,0
2015-02-06 11:58:37,1,0,0
2015-02-06 11:59:33,1,0,0
2015-02-06 12:00:10,1,0,0
2015-02-06 12:00:47,1,0,0
2015-02-06 12:01:06,1,0,0
2015-02-06 12:01:25,1,0,0
2015-02-06 12:01:44,1,0,0
2015-02-06 12:02:03,1,0,0
2015-02-06 12:02:22,1,0,0
2015-02-06 12:02:41,1,0,0
2015-02-06 12:03:00,1,0,0
2015-02-06 12:03:19,0,0,0
2015-02-06 12:03:38,0,0,0
2015-02-06 12:03:57,0,0,0
2015-02-06 12:04:16,0,0,0
2015-02-06 12:04:35,0,0,0
2015-02-06 12:04:54,0,0,0
2015-02-06 12:05:13,0,0,0
2015-02-06 12:05:32,0,0,0
2015-02-06 12:05:51,0,0,0
2015-02-06 12:06:28,0,0,0
2015-02-06 12:07:05,0,0,0
2015-02-06 12:07:25,0,0,0
2015-02-06 12:08:02,0,0,0
2015-02-06 12:08:21,0,0,0
2015-02-06 12:10:12,0,0,0
2015-02-06 12:10:31,0,0,0
2015-02-06 12:10:50,0,0,0
2015-02-06 12:11:45,0,0,0
2015-02-06 12:12:04,0,0,0
2015-02-06 12:13:17,0,0,0
2015-02-06 12:15:25,0,0,0
2015-02-06 12:16:01,0,0,0
2015-02-06 12:16:21,0,0,0
2015-02-06 12:16:58,0,0,0
2015-02-06 12:17:35,0,0,0
2015-02-06 12:18:32,0,0,0
2015-02-06 12:19:11,0,0,0
2015-02-06 12:19:48,0,0,0
2015-02-06 12:20:08,0,0,0
2015-02-06 12:20:27,0,0,0
2015-02-06 12:21:04,0,0,0
2015-02-06 12:21:41,0,0,0
2015-02-06 12:22:18,0,0,0
2015-02-06 12:22:38,0,0,0
2015-02-06 12:23:50,0,0,0
2015-02-06 12:24:09,0,0,0
2015-02-06 12:25:04,0,0,0
2015-02-06 12:25:42,0,0,0
2015-02-06 12:26:01,0,0,0
2015-02-06 12:27:32,1,0,0
2015-02-06 12:28:09,1,0,0
2015-02-06 12:29:04,1,0,0
2015-02-06 12:29:23,1,0,0
2015-02-06 12:29:42,1,0,0
2015-02-06 12:30:19,1,0,0
2015-02-06 12:30:39,1,0,0
2015-02-06 12:30:58,1,0,0
2015-02-06 12:31:17,1,0,0
2015-02-06 12:31:36,1,0,0
2015-02-06 12:31:55,1,0,0
2015-02-06 12:32:14,1,0,0
2015-02-06 12:32:33,0,0,0
2015-02-06 12:32:52,0,0,0
2015-02-06 12:33:11,0,0,0
2015-02-06 12:33:30,0,0,0
2015-02-06 12:33:53,0,0,0
2015-02-06 12:34:12,0,0,0
2015-02-06 12:34:32,0,0,0
2015-02-06 12:34:51,0,0,0
2015-02-06 12:35:28,0,0,0
2015-02-06 12:35:48,0,0,0
2015-02-06 12:37:18,0,0,0
2015-02-06 12:37:56,0,0,0
2015-02-06 12:38:17,0,0,0
2015-02-06 12:38:54,0,0,0
2015-02-06 12:39:50,0,0,0
2015-02-06 12:41:39,0,0,0
2015-02-06 12:41:58,0,0,0
2015-02-06 12:42:17,0,0,0
2015-02-06 12:42:54,0,0,0
2015-02-06 12:43:32,0,0,0
2015-02-06 12:44:45,0,0,0
2015-02-06 12:45:04,0,0,0
2015-02-06 12:45:59,0,0,0
2015-02-06 12:46:18,0,0,0
2015-02-06 12:46:38,0,0,0
2015-02-06 12:47:15,0,0,0
2015-02-06 12:47:52,0,0,0
2015-02-06 12:48:30,0,0,0
2015-02-06 12:49:08,0,0,0
2015-02-06 12:49:45,0,0,0
2015-02-06 12:50:04,0,0,0
2015-02-06 12:50:41,0,0,0
2015-02-06 12:51:18,0,0,0
2015-02-06 12:52:14,0,0,0
2015-02-06 12:52:33,0,0,0
2015-02-06 12:52:52,0,0,0
2015-02-06 12:53:47,0,0,0
2015-02-06 12:54:08,0,0,0
2015-02-06 12:54:28,0,0,0
2015-02-06 12:55:05,0,0,0
2015-02-06 12:55:24,0,0,0
2015-02-06 12:55:43,0,0,0
2015-02-06 12:56:02,0,0,0
2015-02-06 12:56:57,0,0,0
2015-02-06 12:57:34,0,0,0
2015-02-06 12:57:54,1,0,0
2015-02-06 12:58:31,1,0,0
2015-02-06 12:59:26,1,0,0
2015-02-06 13:00:21,1,0,0
2015-02-06 13:00:58,1,0,0
2015-02-06 13:01:18,1,0,0
2015-02-06 13:01:37,1,0,0
2015-02-06 13:01:56,1,0,0
2015-02-06 13:02:33,1,0,0
2015-02-06 13:02:52,1,0,0
2015-02-06 13:03:11,1,0,0
2015-02-06 13:03:30,0,0,0
2015-02-06 13:03:49,0,0,0
2015-02-06 13:04:08,0,0,0
2015-02-06 13:04:27,0,0,0
2015-02-06 13:04:46,0,0,0
2015-02-06 13:05:05,0,0,0
2015-02-06 13:05:24,0,0,0
2015-02-06 13:05:43,0,0,0
2015-02-06 13:06:20,0,0,0
2015-02-06 13:07:15,0,0,0
2015-02-06 13:07:53,0,0,0
2015-02-06 13:08:14,0,0,0
2015-02-06 13:08:33,0,0,0
2015-02-06 13:08:52,0,0,0
2015-02-06 13:09:11,0,0,0
2015-02-06 13:09:30,0,0,0
2015-02-06 13:10:45,0,0,0
2015-02-06 13:11:04,0,0,0
2015-02-06 13:11:41,0,0,0
2015-02-06 13:12:00,0,0,0
2015-02-06 13:12:19,0,0,0
2015-02-06 13:12:56,0,0,0
2015-02-06 13:13:15,0,0,0
2015-02-06 13:13:34,0,0,0
2015-02-06 13:14:11,0,0,0
2015-02-06 13:14:49,1,0,0
2015-02-06 13:15:26,1,0,0
2015-02-06 13:15:46,1,0,0
2015-02-06 13:16:05,1,0,0
2015-02-06 13:16:41,1,0,0
2015-02-06 13:17:01,1,0,0
2015-02-06 13:17:56,1,0,0
2015-02-06 13:18:15,1,0,0
2015-02-06 13:18:34,1,0,0
2015-02-06 13:18:53,1,0,0
2015-02-06 13:19:30,0,0,0
2015-02-06 13:19:50,0,0,0
2015-02-06 13:20:09,0,0,0
2015-02-06 13:20:28,0,0,0
2015-02-06 13:20:51,0,0,0
2015-02-06 13:21:10,0,0,0
2015-02-06 13:21:29,0,0,0
2015-02-06 13:22:06,0,0,0
2015-02-06 13:22:43,0,0,0
2015-02-06 13:23:03,0,0,0
2015-02-06 13:23:22,0,0,0
2015-02-06 13:23:41,0,0,0
2015-02-06 13:24:36,0,0,0
2015-02-06 13:25:49,0,0,0
2015-02-06 13:26:08,0,0,0
2015-02-06 13:26:27,0,0,0
2015-02-06 13:28:00,0,0,0
2015-02-06 13:28:37,0,0,0
2015-02-06 13:28:56,0,0,0
2015-02-06 13:29:15,0,0,0
2015-02-06 13:29:52,0,0,0
2015-02-06 13:30:12,0,0,0
2015-02-06 13:30:49,0,0,0
2015-02-06 13:31:08,0,0,0
2015-02-06 13:31:28,0,0,0
2015-02-06 13:31:47,0,0,0
2015-02-06 13:32:06,0,0,0
2015-02-06 13:32:25,0,0,0
2015-02-06 13:33:03,0,0,0
2015-02-06 13:33:25,0,0,0
2015-02-06 13:34:01,0,0,0
2015-02-06 13:34:39,0,0,0
2015-02-06 13:35:17,0,0,0
2015-02-06 13:35:54,0,0,0
2015-02-06 13:36:13,0,0,0
2015-02-06 13:36:33,0,0,0
2015-02-06 13:37:28,0,0,0
2015-02-06 13:38:07,0,0,0
2015-02-06 13:38:27,0,0,0
2015-02-06 13:38:46,0,0,0
2015-02-06 13:39:23,0,0,0
2015-02-06 13:40:37,0,0,0
2015-02-06 13:40:56,0,0,0
2015-02-06 13:41:41,0,0,0
2015-02-06 13:42:01,0,0,0
2015-02-06 13:42:38,0,0,0
2015-02-06 13:43:15,0,0,0
2015-02-06 13:43:36,0,0,0
2015-02-06 13:43:56,0,0,0
2015-02-06 13:44:51,0,0,0
2015-02-06 13:45:10,0,0,0
2015-02-06 13:45:29,0,0,0
2015-02-06 13:45:48,0,0,0
2015-02-06 13:47:19,0,0,0
2015-02-06 13:47:39,0,0,0
2015-02-06 13:48:16,0,0,0
2015-02-06 13:48:36,0,0,0
2015-02-06 13:49:13,0,0,0
2015-02-06 13:49:32,0,0,0
2015-02-06 13:50:28,0,0,0
2015-02-06 13:51:05,1,0,0
2015-02-06 13:51:24,1,0,0
2015-02-06 13:51:44,1,0,0
2015-02-06 13:52:03,1,0,0
2015-02-06 13:52:22,1,0,0
2015-02-06 13:53:17,1,0,0
2015-02-06 13:53:37,1,0,0
2015-02-06 13:53:56,1,0,0
2015-02-06 13:54:18,1,0,0
2015-02-06 13:54:37,1,0,0
2015-02-06 13:54:56,1,0,0
2015-02-06 13:55:15,1,0,0
2015-02-06 13:55:35,1,0,0
2015-02-06 13:55:54,0,0,0
2015-02-06 13:56:13,0,0,0
2015-02-06 13:56:32,0,0,0
2015-02-06 13:56:51,0,0,0
2015-02-06 13:57:10,0,0,0
2015-02-06 13:57:29,0,0,0
2015-02-06 13:57:48,0,0,0
2015-02-06 13:58:26,0,1,0
2015-02-06 13:58:45,0,1,0
2015-02-06 13:59:04,0,1,0
2015-02-06 14:00:17,0,1,0
2015-02-06 14:00:54,0,1,0
2015-02-06 14:01:32,0,1,0
2015-02-06 14:02:27,0,1,0
2015-02-06 14:02:48,0,1,0
2015-02-06 14:03:25,0,1,0
2015-02-06 14:04:38,0,1,0
2015-02-06 14:05:21,0,1,0
2015-02-06 14:05:41,0,1,0
2015-02-06 14:06:00,0,1,0
2015-02-06 14:06:55,0,1,0
2015-02-06 14:07:14,0,1,0
2015-02-06 14:08:27,0,1,0
2015-02-06 14:08:46,0,1,0
2015-02-06 14:09:05,0,1,0
2015-02-06 14:09:24,0,1,0
2015-02-06 14:09:43,0,1,0
2015-02-06 14:10:02,0,1,0
2015-02-06 14:10:22,0,1,0
2015-02-06 14:11:16,0,1,0
2015-02-06 14:11:36,0,1,0
2015-02-06 14:11:55,0,1,0
2015-02-06 14:12:32,0,1,0
2015-02-06 14:13:09,0,1,0
2015-02-06 14:13:28,0,1,0
2015-02-06 14:14:05,0,1,0
2015-02-06 14:14:24,0,1,0
2015-02-06 14:15:01,0,1,0
2015-02-06 14:15:20,0,1,0
2015-02-06 14:16:15,0,1,0
2015-02-06 14:16:34,0,1,0
2015-02-06 14:16:53,0,1,0
2015-02-06 14:17:12,0,1,0
2015-02-06 14:18:07,0,1,0
2015-02-06 14:18:44,0,1,0
2015-02-06 14:19:23,0,1,0
2015-02-06 14:20:18,0,1,0
2015-02-06 14:20:37,0,1,0
2015-02-06 14:20:56,0,1,0
2015-02-06 14:22:45,0,1,0
2015-02-06 14:23:04,0,1,0
2015-02-06 14:23:41,0,1,0
2015-02-06 14:24:00,0,1,0
2015-02-06 14:24:37,0,1,0
2015-02-06 14:24:56,0,1,0
2015-02-06 14:25:15,0,1,0
2015-02-06 14:25:34,0,1,0
2015-02-06 14:25:53,0,1,0
2015-02-06 14:26:30,0,1,0
2015-02-06 14:27:44,0,1,0
2015-02-06 14:29:17,0,1,0
2015-02-06 14:29:36,0,1,0
2015-02-06 14:29:55,0,1,0
2015-02-06 14:30:14,0,1,0
2015-02-06 14:30:51,0,1,0
2015-02-06 14:31:11,1,1,0
2015-02-06 14:31:30,1,1,0
2015-02-06 14:32:25,1,1,0
2015-02-06 14:33:03,1,1,0
2015-02-06 14:33:22,1,1,0
2015-02-06 14:33:41,1,1,0
2015-02-06 14:34:00,1,1,0
2015-02-06 14:34:20,1,1,0
2015-02-06 14:34:39,1,1,0
2015-02-06 14:34:58,1,1,0
2015-02-06 14:35:17,1,1,0
2015-02-06 14:35:37,0,1,0
2015-02-06 14:36:14,0,1,0
2015-02-06 14:36:35,0,1,0
2015-02-06 14:36:55,0,1,0
2015-02-06 14:37:14,0,1,0
2015-02-06 14:37:33,0,1,0
2015-02-06 14:37:53,0,1,0
2015-02-06 14:38:30,0,1,0
2015-02-06 14:39:07,0,1,0
2015-02-06 14:41:02,0,1,0
2015-02-06 14:41:21,0,1,0
2015-02-06 14:41:40,0,1,0
2015-02-06 14:42:00,0,1,0
2015-02-06 14:42:19,0,1,0
2015-02-06 14:42:38,0,1,0
2015-02-06 14:42:57,0,1,0
2015-02-06 14:43:17,0,1,0
2015-02-06 14:43:54,0,1,0
2015-02-06 14:44:31,0,1,0
2015-02-06 14:44:51,0,1,0
2015-02-06 14:45:28,0,1,0
2015-02-06 14:45:47,0,1,0
2015-02-06 14:46:06,0,1,0
2015-02-06 14:46:25,0,1,0
2015-02-06 14:47:02,0,1,0
2015-02-06 14:47:57,0,1,0
2015-02-06 14:48:16,0,1,0
2015-02-06 14:48:35,0,1,0
2015-02-06 14:48:54,0,1,0
2015-02-06 14:49:13,0,1,0
2015-02-06 14:49:32,0,1,0
2015-02-06 14:49:52,0,1,0
2015-02-06 14:50:47,0,1,0
2015-02-06 14:51:06,0,1,0
2015-02-06 14:51:43,0,1,0
2015-02-06 14:52:03,0,1,0
2015-02-06 14:52:40,0,1,0
2015-02-06 14:53:02,0,1,0
2015-02-06 14:53:22,0,1,0
2015-02-06 14:53:41,0,1,0
2015-02-06 14:54:39,0,1,0
2015-02-06 14:54:59,0,1,0
2015-02-06 14:55:20,0,1,0
2015-02-06 14:55:40,0,1,0
2015-02-06 14:56:00,0,1,0
2015-02-06 14:56:20,0,1,0
2015-02-06 14:58:11,0,1,0
2015-02-06 14:58:48,0,1,0
2015-02-06 14:59:08,0,1,0
2015-02-06 15:00:05,0,1,0
2015-02-06 15:00:26,0,1,0
2015-02-06 15:00:46,0,1,0
2015-02-06 15:01:41,0,1,0
2015-02-06 15:02:37,0,1,0
2015-02-06 15:02:57,0,1,0
2015-02-06 15:03:52,0,1,0
2015-02-06 15:05:10,0,1,0
2015-02-06 15:05:29,0,1,0
2015-02-06 15:07:22,1,1,0
2015-02-06 15:08:36,1,1,0
2015-02-06 15:08:56,1,1,0
2015-02-06 15:09:15,1,1,0
2015-02-06 15:09:34,1,1,0
2015-02-06 15:09:53,1,1,0
2015-02-06 15:10:13,1,1,0
2015-02-06 15:10:34,1,1,0
2015-02-06 15:10:54,1,1,0
2015-02-06 15:11:18,1,1,0
2015-02-06 15:11:37,1,1,0
2015-02-06 15:11:58,1,1,0
2015-02-06 15:12:18,1,1,0
2015-02-06 15:12:38,0,1,0
2015-02-06 15:12:57,0,1,0
2015-02-06 15:13:17,0,1,0
2015-02-06 15:13:36,0,1,0
2015-02-06 15:14:00,0,1,0
2015-02-06 15:14:20,0,1,0
2015-02-06 15:14:40,0,1,0
2015-02-06 15:15:03,0,1,0
2015-02-06 15:15:22,0,1,0
2015-02-06 15:15:42,0,1,0
2015-02-06 15:16:23,0,1,0
2015-02-06 15:17:01,0,1,0
2015-02-06 15:17:42,0,1,0
2015-02-06 15:18:01,0,1,0
2015-02-06 15:18:30,0,1,0
2015-02-06 15:18:49,0,1,0
2015-02-06 15:19:09,0,1,0
2015-02-06 15:20:04,0,1,0
2015-02-06 15:20:43,0,1,0
2015-02-06 15:21:03,0,1,0
2015-02-06 15:21:22,0,1,0
2015-02-06 15:24:05,0,1,0
2015-02-06 15:25:19,0,1,0
2015-02-06 15:25:56,0,1,0
2015-02-06 15:26:16,0,1,0
2015-02-06 15:26:57,0,1,0
2015-02-06 15:27:17,0,1,0
2015-02-06 15:27:36,0,1,0
2015-02-06 15:28:52,0,1,0
2015-02-06 15:29:11,0,1,0
2015-02-06 15:30:06,0,1,0
2015-02-06 15:30:25,0,1,0
2015-02-06 15:30:44,0,1,0
2015-02-06 15:31:03,0,1,0
2015-02-06 15:31:41,0,1,0
2015-02-06 15:32:36,0,1,0
2015-02-06 15:32:55,0,1,0
2015-02-06 15:33:33,0,1,0
2015-02-06 15:33:52,0,1,0
2015-02-06 15:34:11,0,1,0
2015-02-06 15:34:30,0,1,0
2015-02-06 15:34:50,0,1,0
2015-02-06 15:35:09,0,1,0
2015-02-06 15:35:28,0,1,0
2015-02-06 15:35:47,0,1,0
2015-02-06 15:36:06,0,1,0
2015-02-06 15:36:26,0,1,0
2015-02-06 15:36:45,0,1,0
2015-02-06 15:37:05,0,1,0
2015-02-06 15:37:44,0,1,0
2015-02-06 15:38:04,0,1,0
2015-02-06 15:39:55,0,1,0
2015-02-06 15:41:46,0,1,0
2015-02-06 15:42:05,0,1,0
2015-02-06 15:42:25,0,1,0
2015-02-06 15:42:44,0,1,0
2015-02-06 15:43:21,0,1,0
2015-02-06 15:43:41,0,1,0
2015-02-06 15:44:18,0,1,0
2015-02-06 15:44:38,0,1,0
2015-02-06 15:44:57,0,1,0
2015-02-06 15:45:16,0,1,0
2015-02-06 15:46:11,0,1,0
2015-02-06 15:46:48,0,1,0
2015-02-06 15:47:07,0,1,0
2015-02-06 15:48:20,0,1,0
2015-02-06 15:48:57,0,1,0
2015-02-06 15:49:16,0,1,0
2015-02-06 15:49:36,0,1,0
2015-02-06 15:49:55,0,1,0
2015-02-06 15:50:50,0,1,0
2015-02-06 15:51:28,0,1,0
2015-02-06 15:53:01,0,1,0
2015-02-06 15:53:31,0,1,0
2015-02-06 15:53:51,0,1,0
2015-02-06 15:54:10,0,1,0
2015-02-06 15:54:29,0,1,0
2015-02-06 15:55:06,0,1,0
2015-02-06 15:55:26,0,1,0
2015-02-06 15:56:21,1,1,0
2015-02-06 15:56:41,1,1,0
2015-02-06 15:57:18,1,1,0
2015-02-06 15:57:55,1,1,0
2015-02-06 15:58:14,1,1,0
2015-02-06 15:58:34,1,1,0
2015-02-06 15:58:53,1,1,0
2015-02-06 15:59:31,1,1,0
2015-02-06 15:59:57,1,1,0
2015-02-06 16:00:16,1,1,0
2015-02-06 16:00:36,1,1,0
2015-02-06 16:00:55,0,1,0
2015-02-06 16:01:15,0,1,0
2015-02-06 16:01:35,0,1,0
2015-02-06 16:01:54,0,1,0
2015-02-06 16:02:20,0,1,0
2015-02-06 16:02:44,0,1,0
2015-02-06 16:03:03,0,1,0
2015-02-06 16:03:23,0,1,0
2015-02-06 16:04:00,0,1,0
2015-02-06 16:04:38,0,1,0
2015-02-06 16:05:16,0,1,0
2015-02-06 16:06:11,0,1,0
2015-02-06 16:07:25,0,1,0
2015-02-06 16:08:02,0,1,0
2015-02-06 16:08:21,0,1,0
2015-02-06 16:08:41,0,1,0
2015-02-06 16:09:00,0,1,0
2015-02-06 16:09:20,0,1,0
2015-02-06 16:10:15,0,1,0
2015-02-06 16:11:48,0,1,0
2015-02-06 16:12:07,0,1,0
2015-02-06 16:12:27,0,1,0
2015-02-06 16:12:46,0,1,0
2015-02-06 16:13:24,0,1,0
2015-02-06 16:13:44,0,1,0
2015-02-06 16:14:03,0,1,0
2015-02-06 16:14:22,0,1,0
2015-02-06 16:15:18,0,1,0
2015-02-06 16:15:55,0,1,0
2015-02-06 16:16:15,0,1,0
2015-02-06 16:16:35,0,1,0
2015-02-06 16:16:55,0,1,0
2015-02-06 16:18:13,0,1,0
2015-02-06 16:18:32,0,1,0
2015-02-06 16:18:52,0,1,0
2015-02-06 16:19:47,0,1,0
2015-02-06 16:20:24,0,1,0
2015-02-06 16:21:38,0,1,0
2015-02-06 16:21:58,0,1,0
2015-02-06 16:22:17,0,1,0
2015-02-06 16:22:54,0,1,0
2015-02-06 16:23:14,0,1,0
2015-02-06 16:25:27,0,1,0
2015-02-06 16:25:46,0,1,0
2015-02-06 16:26:46,0,1,0
2015-02-06 16:27:06,0,1,0
2015-02-06 16:27:43,0,1,0
2015-02-06 16:28:03,0,1,0
2015-02-06 16:28:40,0,1,0
2015-02-06 16:29:18,0,1,0
2015-02-06 16:29:38,0,1,0
2015-02-06 16:30:15,0,1,0
2015-02-06 16:30:52,0,1,0
2015-02-06 16:31:12,0,1,0
2015-02-06 16:31:31,0,1,0
2015-02-06 16:32:26,0,1,0
2015-02-06 16:32:51,0,1,0
2015-02-06 16:33:28,0,1,0
2015-02-06 16:33:48,0,1,0
2015-02-06 16:34:07,0,1,0
2015-02-06 16:34:45,0,1,0
2015-02-06 16:35:04,0,1,0
2015-02-06 16:35:24,0,1,0
2015-02-06 16:36:01,0,1,0
2015-02-06 16:37:51,0,1,0
2015-02-06 16:38:10,0,1,0
2015-02-06 16:38:30,0,1,0
2015-02-06 16:40:03,0,1,0
2015-02-06 16:40:22,0,1,0
2015-02-06 16:40:42,0,1,0
2015-02-06 16:41:01,0,1,0
2015-02-06 16:41:39,0,1,0
2015-02-06 16:41:59,0,1,0
2015-02-06 16:42:18,0,1,0
2015-02-06 16:42:37,0,1,0
2015-02-06 16:42:57,0,1,0
2015-02-06 16:43:16,0,1,0
2015-02-06 16:44:11,0,1,0
2015-02-06 16:45:25,0,1,0
2015-02-06 16:45:45,0,1,0
2015-02-06 16:46:22,0,1,0
2015-02-06 16:46:42,0,1,0
2015-02-06 16:47:01,0,1,0
2015-02-06 16:47:20,0,1,0
2015-02-06 16:47:39,0,1,0
2015-02-06 16:48:34,1,1,0
2015-02-06 16:49:47,1,1,0
2015-02-06 16:51:00,1,1,0
2015-02-06 16:51:19,1,1,0
2015-02-06 16:51:38,1,1,0
2015-02-06 16:51:58,1,1,0
2015-02-06 16:52:17,1,1,0
2015-02-06 16:52:36,1,1,0
2015-02-06 16:52:55,1,1,0
2015-02-06 16:53:14,0,1,0
2015-02-06 16:53:33,0,1,0
2015-02-06 16:53:52,0,1,0
2015-02-06 16:54:11,0,1,0
2015-02-06 16:54:30,0,1,0
2015-02-06 16:55:07,0,1,0
2015-02-06 16:55:45,0,1,0
2015-02-06 16:56:04,0,1,0
2015-02-06 16:56:24,0,1,0
2015-02-06 16:56:43,0,1,0
2015-02-06 16:57:02,0,1,0
2015-02-06 16:57:21,0,1,0
2015-02-06 16:57:40,0,1,0
2015-02-06 16:57:59,0,1,0
2015-02-06 16:58:18,0,1,0
2015-02-06 16:58:39,0,1,0
2015-02-06 16:58:58,0,1,0
2015-02-06 16:59:18,0,1,0
2015-02-06 17:02:00,0,1,0
2015-02-06 17:02:19,0,1,0
2015-02-06 17:03:32,0,1,0
2015-02-06 17:03:52,0,1,0
2015-02-06 17:04:12,0,1,0
2015-02-06 17:04:31,0,1,0
2015-02-06 17:05:48,0,1,0
2015-02-06 17:07:19,0,1,0
2015-02-06 17:09:27,0,1,0
2015-02-06 17:09:46,0,1,0
2015-02-06 17:10:05,0,1,0
2015-02-06 17:10:25,0,1,0
2015-02-06 17:10:44,0,1,0
2015-02-06 17:11:03,0,1,0
2015-02-06 17:12:17,0,1,0
2015-02-06 17:13:30,0,1,0
2015-02-06 17:13:50,0,1,0
2015-02-06 17:14:47,0,1,0
2015-02-06 17:15:07,0,1,0
2015-02-06 17:15:26,0,1,0
2015-02-06 17:16:42,0,1,0
2015-02-06 17:17:19,0,1,0
2015-02-06 17:18:15,0,1,0
2015-02-06 17:18:53,0,1,0
2015-02-06 17:19:13,0,1,0
2015-02-06 17:19:35,0,1,0
2015-02-06 17:20:48,0,1,0
2015-02-06 17:21:08,0,1,0
2015-02-06 17:21:46,0,1,0
2015-02-06 17:22:24,0,1,0
2015-02-06 17:22:43,0,1,0
2015-02-06 17:23:02,0,1,0
2015-02-06 17:23:21,0,1,0
2015-02-06 17:23:41,0,1,0
2015-02-06 17:24:00,0,1,0
2015-02-06 17:24:56,0,1,0
2015-02-06 17:25:16,0,1,0
2015-02-06 17:26:11,0,1,0
2015-02-06 17:26:49,0,1,0
2015-02-06 17:27:09,0,1,0
2015-02-06 17:27:29,0,1,0
2015-02-06 17:27:49,0,1,0
2015-02-06 17:28:08,0,1,0
2015-02-06 17:28:27,0,1,0
2015-02-06 17:28:47,0,1,0
2015-02-06 17:29:24,0,1,0
2015-02-06 17:30:01,0,1,0
2015-02-06 17:31:03,0,1,0
2015-02-06 17:31:42,0,1,0
2015-02-06 17:32:01,0,1,0
2015-02-06 17:32:56,0,1,0
2015-02-06 17:33:52,0,1,0
2015-02-06 17:34:15,0,1,0
2015-02-06 17:34:35,0,1,0
2015-02-06 17:34:54,0,1,0
2015-02-06 17:35:31,0,1,0
2015-02-06 17:36:08,0,1,0
2015-02-06 17:36:28,0,1,0
2015-02-06 17:37:23,1,1,0
2015-02-06 17:37:42,1,1,0
2015-02-06 17:38:01,1,1,0
2015-02-06 17:38:20,1,1,0
2015-02-06 17:38:40,1,1,0
2015-02-06 17:39:17,1,1,0
2015-02-06 17:39:36,1,1,0
2015-02-06 17:39:55,1,1,0
2015-02-06 17:40:14,1,1,0
2015-02-06 17:40:34,1,1,0
2015-02-06 17:40:53,1,1,0
2015-02-06 17:41:12,1,1,0
2015-02-06 17:41:31,1,1,0
2015-02-06 17:41:50,1,1,0
2015-02-06 17:42:09,0,1,0
2015-02-06 17:42:28,0,1,0
2015-02-06 17:42:47,0,1,0
2015-02-06 17:43:07,0,1,0
2015-02-06 17:43:26,0,1,0
2015-02-06 17:43:45,0,1,0
2015-02-06 17:44:04,0,1,0
2015-02-06 17:44:23,0,1,0
2015-02-06 17:44:42,0,1,0
2015-02-06 17:45:01,0,1,0
2015-02-06 17:45:56,0,1,0
2015-02-06 17:46:15,0,1,0
2015-02-06 17:46:34,0,1,0
2015-02-06 17:46:54,0,1,0
2015-02-06 17:47:13,0,1,0
2015-02-06 17:47:50,0,1,0
2015-02-06 17:48:09,0,1,0
2015-02-06 17:48:28,0,1,0
2015-02-06 17:49:23,0,1,0
2015-02-06 17:49:42,0,1,0
2015-02-06 17:50:01,0,1,0
2015-02-06 17:50:38,0,1,0
2015-02-06 17:50:58,0,1,0
2015-02-06 17:52:28,0,1,0
2015-02-06 17:53:24,0,1,0
2015-02-06 17:54:19,0,1,0
2015-02-06 17:54:38,0,1,0
2015-02-06 17:54:57,0,1,0
2015-02-06 17:56:10,0,1,0
2015-02-06 17:56:47,0,1,0
2015-02-06 17:57:44,0,1,0
2015-02-06 17:58:21,0,1,0
2015-02-06 17:58:40,0,1,0
2015-02-06 17:58:59,0,1,0
2015-02-06 17:59:19,0,1,0
2015-02-06 17:59:38,0,1,0
2015-02-06 18:00:51,0,1,0
2015-02-06 18:01:47,0,1,0
2015-02-06 18:02:24,0,1,0
2015-02-06 18:02:43,0,1,0
2015-02-06 18:03:03,0,1,0
2015-02-06 18:03:40,0,1,0
2015-02-06 18:04:36,0,1,0
2015-02-06 18:05:13,0,1,0
2015-02-06 18:05:33,0,1,0
2015-02-06 18:05:52,0,1,0
2015-02-06 18:06:11,0,1,0
2015-02-06 18:06:30,0,1,0
2015-02-06 18:06:50,0,1,0
2015-02-06 18:07:09,0,1,0
2015-02-06 18:07:29,0,1,0
2015-02-06 18:08:06,0,1,0
2015-02-06 18:08:44,0,1,0
2015-02-06 18:09:04,0,1,0
2015-02-06 18:09:59,0,1,0
2015-02-06 18:10:36,0,1,0
2015-02-06 18:10:56,0,1,0
2015-02-06 18:11:15,0,1,0
2015-02-06 18:11:52,0,1,0
2015-02-06 18:12:12,0,1,0
2015-02-06 18:12:49,0,1,0
2015-02-06 18:13:26,0,1,0
2015-02-06 18:13:45,0,1,0
2015-02-06 18:14:40,0,1,0
2015-02-06 18:14:59,0,1,0
2015-02-06 18:15:19,0,1,0
2015-02-06 18:15:38,0,1,0
2015-02-06 18:15:58,0,1,0
2015-02-06 18:16:17,0,1,0
2015-02-06 18:16:36,0,1,0
2015-02-06 18:16:56,0,1,0
2015-02-06 18:17:15,0,1,0
2015-02-06 18:17:34,0,1,0
2015-02-06 18:18:11,0,1,0
2015-02-06 18:18:31,0,1,0
2015-02-06 18:18:50,0,1,0
2015-02-06 18:19:09,0,1,0
2015-02-06 18:19:31,0,1,0
2015-02-06 18:19:50,0,1,0
2015-02-06 18:20:28,0,1,0
2015-02-06 18:21:41,0,1,0
2015-02-06 18:22:36,0,1,0
2015-02-06 18:23:31,1,1,0
2015-02-06 18:24:27,1,1,0
2015-02-06 18:25:25,1,1,0
2015-02-06 18:26:02,1,1,0
2015-02-06 18:26:22,1,1,0
2015-02-06 18:26:41,1,1,0
2015-02-06 18:27:00,1,1,0
2015-02-06 18:27:19,1,1,0
2015-02-06 18:27:59,1,1,0
2015-02-06 18:28:18,1,1,0
2015-02-06 18:28:37,0,1,0
2015-02-06 18:28:56,0,1,0
2015-02-06 18:29:16,0,1,0
2015-02-06 18:29:35,0,1,0
2015-02-06 18:29:55,0,1,0
2015-02-06 18:30:14,0,1,0
2015-02-06 18:30:33,0,1,0
2015-02-06 18:30:54,0,1,0
2015-02-06 18:31:32,0,1,0
2015-02-06 18:31:51,0,1,0
2015-02-06 18:32:10,0,1,0
2015-02-06 18:33:23,0,1,0
2015-02-06 18:33:43,0,1,0
2015-02-06 18:34:38,0,1,0
2015-02-06 18:34:58,0,1,0
2015-02-06 18:35:17,0,1,0
2015-02-06 18:35:36,0,1,0
2015-02-06 18:36:31,0,1,0
2015-02-06 18:36:50,0,1,0
2015-02-06 18:37:09,0,1,0
2015-02-06 18:37:47,0,1,0
2015-02-06 18:38:06,0,1,0
2015-02-06 18:38:25,0,1,0
2015-02-06 18:39:02,0,1,0
2015-02-06 18:39:21,0,1,0
2015-02-06 18:39:41,0,1,0
2015-02-06 18:40:00,0,1,0
2015-02-06 18:40:55,0,1,0
2015-02-06 18:41:32,0,1,0
2015-02-06 18:41:51,0,1,0
2015-02-06 18:43:22,0,1,0
2015-02-06 18:43:41,0,1,0
2015-02-06 18:44:00,0,1,0
2015-02-06 18:44:19,0,1,0
2015-02-06 18:44:41,0,1,0
2015-02-06 18:45:00,0,1,0
2015-02-06 18:45:19,0,1,0
2015-02-06 18:45:38,0,1,0
2015-02-06 18:45:57,0,1,0
2015-02-06 18:47:10,0,1,0
2015-02-06 18:48:41,0,1,0
2015-02-06 18:49:00,0,1,0
2015-02-06 18:49:37,0,1,0
2015-02-06 18:50:33,0,1,0
2015-02-06 18:50:52,0,1,0
2015-02-06 18:51:11,0,1,0
2015-02-06 18:51:30,0,1,0
2015-02-06 18:52:43,0,1,0
2015-02-06 18:53:02,0,1,0
2015-02-06 18:53:21,0,1,0
2015-02-06 18:53:40,0,1,0
2015-02-06 18:54:00,0,1,0
2015-02-06 18:54:37,0,1,0
2015-02-06 18:54:56,0,1,0
2015-02-06 18:55:15,0,1,0
2015-02-06 18:55:34,0,1,0
2015-02-06 18:57:05,0,1,0
2015-02-06 18:57:24,0,1,0
2015-02-06 18:58:01,0,1,0
2015-02-06 18:58:39,0,1,0
2015-02-06 18:58:58,0,1,0
2015-02-06 18:59:35,0,1,0
2015-02-06 19:00:12,0,1,0
2015-02-06 19:00:31,0,1,0
2015-02-06 19:00:50,0,1,0
2015-02-06 19:01:09,0,1,0
2015-02-06 19:01:29,0,1,0
2015-02-06 19:01:48,0,1,0
2015-02-06 19:02:07,0,1,0
2015-02-06 19:03:20,0,1,0
2015-02-06 19:03:39,0,1,0
2015-02-06 19:03:58,0,1,0
2015-02-06 19:04:37,0,1,0
2015-02-06 19:04:56,0,1,0
2015-02-06 19:05:18,0,1,0
2015-02-06 19:07:25,0,1,0
2015-02-06 19:08:02,0,1,0
2015-02-06 19:08:40,0,1,0
2015-02-06 19:10:29,0,1,0
2015-02-06 19:11:07,0,1,0
2015-02-06 19:12:02,0,1,0
2015-02-06 19:12:22,0,1,0
2015-02-06 19:12:41,0,1,0
2015-02-06 19:13:00,0,1,0
2015-02-06 19:13:20,0,1,0
2015-02-06 19:13:39,0,1,0
2015-02-06 19:13:58,0,1,0
2015-02-06 19:14:17,1,1,0
2015-02-06 19:14:37,1,1,0
2015-02-06 19:14:56,1,1,0
2015-02-06 19:15:15,1,1,0
2015-02-06 19:15:52,1,1,0
2015-02-06 19:16:12,1,1,0
2015-02-06 19:16:31,1,1,0
2015-02-06 19:16:50,1,1,0
2015-02-06 19:17:10,1,1,0
2015-02-06 19:17:29,1,1,0
2015-02-06 19:17:48,1,1,0
2015-02-06 19:18:08,1,1,0
2015-02-06 19:18:27,1,1,0
2015-02-06 19:18:47,1,1,0
2015-02-06 19:19:06,1,1,0
2015-02-06 19:19:25,0,1,0
2015-02-06 19:19:45,0,1,0
2015-02-06 19:20:04,0,1,0
2015-02-06 19:20:24,0,1,0
2015-02-06 19:20:43,0,1,0
2015-02-06 19:21:02,0,1,0
2015-02-06 19:21:21,0,1,0
2015-02-06 19:21:41,0,1,0
2015-02-06 19:22:00,0,1,0
2015-02-06 19:22:19,0,1,0
2015-02-06 19:22:39,0,1,0
2015-02-06 19:22:58,0,1,0
2015-02-06 19:23:35,0,1,0
2015-02-06 19:23:54,0,1,0
2015-02-06 19:24:32,0,1,0
2015-02-06 19:25:27,0,1,0
2015-02-06 19:26:40,0,1,0
2015-02-06 19:27:00,0,1,0
2015-02-06 19:27:19,0,1,0
2015-02-06 19:27:39,0,1,0
2015-02-06 19:28:16,0,1,0
2015-02-06 19:28:35,0,1,0
2015-02-06 19:28:54,0,1,0
2015-02-06 19:29:50,0,1,0
2015-02-06 19:30:09,0,1,0
2015-02-06 19:30:28,0,1,0
2015-02-06 19:30:47,0,1,0
2015-02-06 19:31:24,0,1,0
2015-02-06 19:31:44,0,1,0
2015-02-06 19:32:21,0,1,0
2015-02-06 19:32:40,0,1,0
2015-02-06 19:32:59,0,1,0
2015-02-06 19:33:19,0,1,0
2015-02-06 19:33:38,0,1,0
2015-02-06 19:34:15,0,1,0
2015-02-06 19:34:34,0,1,0
2015-02-06 19:34:53,0,1,0
2015-02-06 19:35:12,0,1,0
2015-02-06 19:35:32,0,1,0
2015-02-06 19:35:51,0,1,0
2015-02-06 19:36:28,0,1,0
2015-02-06 19:36:47,0,1,0
2015-02-06 19:37:42,0,1,0
2015-02-06 19:38:37,0,1,0
2015-02-06 19:39:32,0,1,0
2015-02-06 19:39:51,0,1,0
2015-02-06 19:40:11,0,1,0
2015-02-06 19:40:30,0,1,0
2015-02-06 19:41:07,0,1,0
2015-02-06 19:41:44,0,1,0
2015-02-06 19:42:22,0,1,0
2015-02-06 19:42:41,0,1,0
2015-02-06 19:43:00,0,1,0
2015-02-06 19:43:19,0,1,0
2015-02-06 19:43:38,0,1,0
2015-02-06 19:44:15,0,1,0
2015-02-06 19:44:35,0,1,0
2015-02-06 19:44:54,0,1,0
2015-02-06 19:45:13,0,1,0
2015-02-06 19:45:32,0,1,0
2015-02-06 19:45:51,0,1,0
2015-02-06 19:46:11,0,1,0
2015-02-06 19:46:30,0,1,0
2015-02-06 19:46:49,0,1,0
2015-02-06 19:48:02,0,1,0
2015-02-06 19:48:21,0,1,0
2015-02-06 19:48:40,0,1,0
2015-02-06 19:49:17,0,1,0
2015-02-06 19:49:37,0,1,0
2015-02-06 19:50:14,0,1,0
2015-02-06 19:50:33,0,1,0
2015-02-06 19:50:52,0,1,0
2015-02-06 19:51:11,0,1,0
2015-02-06 19:51:48,0,1,0
2015-02-06 19:52:08,0,1,0
2015-02-06 19:53:03,0,1,0
2015-02-06 19:53:40,0,1,0
2015-02-06 19:54:17,0,1,0
2015-02-06 19:54:54,0,1,0
2015-02-06 19:55:13,0,1,0
2015-02-06 19:55:50,0,1,0
2015-02-06 19:56:28,0,1,0
2015-02-06 19:56:47,0,1,0
2015-02-06 19:57:06,0,1,0
2015-02-06 19:57:25,0,1,0
2015-02-06 19:57:44,0,1,0
2015-02-06 19:58:04,0,1,0
2015-02-06 19:58:23,1,1,0
2015-02-06 19:58:42,1,1,0
2015-02-06 19:59:01,1,1,0
2015-02-06 19:59:20,1,1,0
2015-02-06 19:59:59,1,1,0
2015-02-06 20:00:19,1,1,0
2015-02-06 20:00:38,1,1,0
2015-02-06 20:00:57,1,1,0
2015-02-06 20:01:16,1,1,0
2015-02-06 20:01:35,1,1,0
2015-02-06 20:01:54,1,1,0
2015-02-06 20:02:32,1,1,0
2015-02-06 20:02:51,1,1,0
2015-02-06 20:03:10,1,1,0
2015-02-06 20:03:31,0,1,0
2015-02-06 20:03:50,0,1,0
2015-02-06 20:04:10,0,1,0
2015-02-06 20:04:29,0,1,0
2015-02-06 20:04:48,0,1,0
2015-02-06 20:05:07,0,1,0
2015-02-06 20:05:27,0,1,0
2015-02-06 20:05:46,0,1,0
2015-02-06 20:06:06,0,1,0
2015-02-06 20:06:25,0,1,0
2015-02-06 20:07:02,0,1,0
2015-02-06 20:07:22,0,1,0
2015-02-06 20:08:17,0,1,0
2015-02-06 20:08:36,0,1,0
2015-02-06 20:08:56,0,1,0
2015-02-06 20:10:09,0,1,0
2015-02-06 20:10:28,0,1,0
2015-02-06 20:10:47,0,1,0
2015-02-06 20:11:06,0,1,0
2015-02-06 20:11:43,0,1,0
2015-02-06 20:12:03,0,1,0
2015-02-06 20:12:22,0,1,0
2015-02-06 20:12:41,0,1,0
2015-02-06 20:13:00,0,1,0
2015-02-06 20:13:19,0,1,0
2015-02-06 20:13:39,0,1,0
2015-02-06 20:13:58,0,1,0
2015-02-06 20:15:13,0,1,0
2015-02-06 20:15:32,0,1,0
2015-02-06 20:15:53,0,1,0
2015-02-06 20:16:30,0,1,0
2015-02-06 20:16:50,0,1,0
2015-02-06 20:17:09,0,1,0
2015-02-06 20:18:04,0,1,0
2015-02-06 20:18:59,0,1,0
2015-02-06 20:19:36,0,1,0
2015-02-06 20:20:32,0,1,0
2015-02-06 20:22:21,0,1,0
2015-02-06 20:23:16,0,1,0
2015-02-06 20:23:53,0,1,0
2015-02-06 20:24:13,0,1,0
2015-02-06 20:24:32,0,1,0
2015-02-06 20:24:51,0,1,0
2015-02-06 20:25:46,0,1,0
2015-02-06 20:26:24,0,1,0
2015-02-06 20:26:43,0,1,0
2015-02-06 20:27:20,0,1,0
2015-02-06 20:27:40,0,1,0
2015-02-06 20:28:17,0,1,0
2015-02-06 20:28:36,0,1,0
2015-02-06 20:28:55,0,1,0
2015-02-06 20:30:11,0,1,0
2015-02-06 20:30:48,0,1,0
2015-02-06 20:31:27,0,1,0
2015-02-06 20:32:05,0,1,0
2015-02-06 20:32:24,0,1,0
2015-02-06 20:32:44,0,1,0
2015-02-06 20:33:03,0,1,0
2015-02-06 20:33:42,0,1,0
2015-02-06 20:34:02,0,1,0
2015-02-06 20:34:23,0,1,0
2015-02-06 20:35:00,0,1,0
2015-02-06 20:35:20,0,1,0
2015-02-06 20:35:57,0,1,0
2015-02-06 20:36:34,0,1,0
2015-02-06 20:38:05,0,1,0
2015-02-06 20:38:24,0,1,0
2015-02-06 20:38:44,0,1,0
2015-02-06 20:39:03,1,1,0
2015-02-06 20:39:23,1,1,0
2015-02-06 20:39:42,1,1,0
2015-02-06 20:40:01,1,1,0
2015-02-06 20:40:21,1,1,0
2015-02-06 20:40:40,1,1,0
2015-02-06 20:41:19,1,1,0
2015-02-06 20:41:39,1,1,0
2015-02-06 20:41:58,1,1,0
2015-02-06 20:42:18,1,1,0
2015-02-06 20:42:55,1,1,0
2015-02-06 20:43:17,0,1,0
2015-02-06 20:43:36,0,1,0
2015-02-06 20:43:55,0,1,0
2015-02-06 20:44:15,0,1,0
2015-02-06 20:44:34,0,1,0
2015-02-06 20:44:54,0,1,0
2015-02-06 20:45:15,0,1,0
2015-02-06 20:45:34,0,1,0
2015-02-06 20:45:54,0,1,0
2015-02-06 20:46:31,0,1,0
2015-02-06 20:47:27,0,1,0
2015-02-06 20:47:46,0,1,0
2015-02-06 20:49:18,0,1,0
2015-02-06 20:49:55,0,1,0
2015-02-06 20:50:15,0,1,0
2015-02-06 20:50:34,0,1,0
2015-02-06 20:50:54,0,1,0
2015-02-06 20:51:13,0,1,0
2015-02-06 20:51:50,0,1,0
2015-02-06 20:53:36,0,1,0
2015-02-06 20:53:55,0,1,0
2015-02-06 20:54:33,0,1,0
2015-02-06 20:55:11,0,1,0
2015-02-06 20:56:42,0,1,0
2015-02-06 20:57:02,0,1,0
2015-02-06 20:57:21,0,1,0
2015-02-06 20:58:16,0,1,0
2015-02-06 20:58:35,0,1,0
2015-02-06 20:58:54,0,1,0
2015-02-06 21:00:07,0,1,0
2015-02-06 21:00:27,0,1,0
2015-02-06 21:00:48,0,1,0
2015-02-06 21:01:25,0,1,0
2015-02-06 21:02:21,0,1,0
2015-02-06 21:02:58,0,1,0
2015-02-06 21:03:18,0,1,0
2015-02-06 21:03:55,0,1,0
2015-02-06 21:04:15,0,1,0
2015-02-06 21:04:34,0,1,0
2015-02-06 21:05:11,0,1,0
2015-02-06 21:05:49,0,1,0
2015-02-06 21:06:08,0,1,0
2015-02-06 21:07:21,0,1,0
2015-02-06 21:07:41,0,1,0
2015-02-06 21:08:36,0,1,0
2015-02-06 21:08:55,0,1,0
2015-02-06 21:09:14,0,1,0
2015-02-06 21:09:51,0,1,0
2015-02-06 21:10:11,0,1,0
2015-02-06 21:10:30,0,1,0
2015-02-06 21:10:49,0,1,0
2015-02-06 21:11:09,0,1,0
2015-02-06 21:11:28,0,1,0
2015-02-06 21:11:47,0,1,0
2015-02-06 21:12:06,0,1,0
2015-02-06 21:12:25,0,1,0
2015-02-06 21:13:21,0,1,0
2015-02-06 21:13:40,0,1,0
2015-02-06 21:13:59,0,1,0
2015-02-06 21:14:18,0,1,0
2015-02-06 21:14:56,0,1,0
2015-02-06 21:15:15,0,1,0
2015-02-06 21:15:52,0,1,0
2015-02-06 21:16:11,0,1,0
2015-02-06 21:16:31,1,1,0
2015-02-06 21:16:56,1,1,0
2015-02-06 21:17:33,1,1,0
2015-02-06 21:18:10,1,1,0
2015-02-06 21:18:30,1,1,0
2015-02-06 21:18:49,1,1,0
2015-02-06 21:19:09,1,1,0
2015-02-06 21:19:28,1,1,0
2015-02-06 21:19:47,1,1,0
2015-02-06 21:20:07,1,1,0
2015-02-06 21:20:26,1,1,0
2015-02-06 21:20:45,1,1,0
2015-02-06 21:21:04,1,1,0
2015-02-06 21:21:23,0,1,0
2015-02-06 21:21:43,0,1,0
2015-02-06 21:22:02,0,1,0
2015-02-06 21:22:21,0,1,0
2015-02-06 21:22:58,0,1,0
2015-02-06 21:23:18,0,1,0
2015-02-06 21:23:55,0,1,0
2015-02-06 21:24:15,0,1,0
2015-02-06 21:24:34,0,1,0
2015-02-06 21:25:11,0,1,0
2015-02-06 21:25:49,0,1,0
2015-02-06 21:26:08,0,1,0
2015-02-06 21:26:28,0,1,0
2015-02-06 21:27:05,0,1,0
2015-02-06 21:27:24,0,1,0
2015-02-06 21:27:44,0,1,0
2015-02-06 21:28:03,0,1,0
2015-02-06 21:29:02,0,1,0
2015-02-06 21:29:22,0,1,0
2015-02-06 21:29:41,0,1,0
2015-02-06 21:30:00,0,1,0
2015-02-06 21:30:20,0,1,0
2015-02-06 21:30:57,0,1,0
2015-02-06 21:31:17,0,1,0
2015-02-06 21:31:54,0,1,0
2015-02-06 21:32:14,0,1,0
2015-02-06 21:32:33,0,1,0
2015-02-06 21:32:52,0,1,0
2015-02-06 21:33:12,0,1,0
2015-02-06 21:33:31,0,1,0
2015-02-06 21:33:50,0,1,0
2015-02-06 21:34:10,0,1,0
2015-02-06 21:34:47,0,1,0
2015-02-06 21:35:06,0,1,0
2015-02-06 21:35:44,0,1,0
2015-02-06 21:36:05,0,1,0
2015-02-06 21:36:24,0,1,0
2015-02-06 21:36:44,0,1,0
2015-02-06 21:37:03,0,1,0
2015-02-06 21:37:22,0,1,0
2015-02-06 21:37:41,0,1,0
2015-02-06 21:38:01,0,1,0
2015-02-06 21:38:20,1,1,0
2015-02-06 21:38:39,1,1,0
2015-02-06 21:38:58,1,1,0
2015-02-06 21:39:17,1,1,0
2015-02-06 21:39:37,1,1,0
2015-02-06 21:39:56,1,1,0
2015-02-06 21:40:15,1,1,0
2015-02-06 21:40:34,1,1,0
2015-02-06 21:40:54,1,1,0
2015-02-06 21:41:13,1,1,0
2015-02-06 21:41:32,1,1,0
2015-02-06 21:41:51,1,1,0
2015-02-06 21:42:11,1,1,0
2015-02-06 21:42:30,1,1,0
2015-02-06 21:42:49,1,1,0
2015-02-06 21:43:08,1,1,0
2015-02-06 21:43:28,1,1,0
2015-02-06 21:43:47,1,1,0
2015-02-06 21:44:06,1,1,0
2015-02-06 21:44:26,1,1,0
2015-02-06 21:44:45,1,1,0
2015-02-06 21:45:04,1,1,0
2015-02-06 21:45:23,1,1,0
2015-02-06 21:45:42,1,1,0
2015-02-06 21:46:02,1,1,0
2015-02-06 21:46:21,1,1,0
2015-02-06 21:46:40,1,1,0
2015-02-06 21:46:59,1,1,0
2015-02-06 21:47:19,1,1,0
2015-02-06 21:47:38,1,1,0
2015-02-06 21:47:57,1,1,0
2015-02-06 21:48:34,1,1,0
2015-02-06 21:48:54,1,1,0
2015-02-06 21:49:13,1,1,0
2015-02-06 21:49:32,1,1,0
2015-02-06 21:49:52,1,1,0
2015-02-06 21:50:11,1,1,0
2015-02-06 21:50:30,1,1,0
2015-02-06 21:50:49,1,1,0
2015-02-06 21:51:09,1,1,0
2015-02-06 21:51:28,1,1,0
2015-02-06 21:51:49,1,1,0
2015-02-06 21:52:08,1,1,0
2015-02-06 21:52:28,1,1,0
2015-02-06 21:52:47,1,1,0
2015-02-06 21:53:08,1,1,0
2015-02-06 21:53:27,1,1,0
2015-02-06 21:53:47,1,1,0
2015-02-06 21:54:06,1,1,0
2015-02-06 21:54:25,0,1,0
2015-02-06 21:54:44,0,1,0
2015-02-06 21:55:04,0,1,0
2015-02-06 21:55:23,0,1,0
2015-02-06 21:55:42,0,1,0
2015-02-06 21:56:01,0,1,0
2015-02-06 21:56:38,0,1,0
2015-02-06 21:56:58,0,1,0
2015-02-06 21:57:53,0,1,0
2015-02-06 21:58:13,0,1,0
2015-02-06 21:59:44,0,1,0
2015-02-06 22:00:03,0,1,0
2015-02-06 22:00:22,0,0,0
2015-02-06 22:00:42,0,0,0
2015-02-06 22:01:19,0,0,0
2015-02-06 22:01:39,0,0,0
2015-02-06 22:01:58,0,0,0
2015-02-06 22:03:11,0,0,0
2015-02-06 22:03:30,0,0,0
2015-02-06 22:03:50,0,0,0
2015-02-06 22:04:09,0,0,0
2015-02-06 22:04:29,0,0,0
2015-02-06 22:04:48,0,0,0
2015-02-06 22:05:43,0,0,0
2015-02-06 22:06:58,0,0,0
2015-02-06 22:07:18,0,0,0
2015-02-06 22:07:37,0,0,0
2015-02-06 22:08:14,0,0,0
2015-02-06 22:08:54,0,0,0
2015-02-06 22:09:14,0,0,0
2015-02-06 22:09:33,0,0,0
2015-02-06 22:10:29,0,0,0
2015-02-06 22:10:48,0,0,0
2015-02-06 22:11:26,0,0,0
2015-02-06 22:12:04,0,0,0
2015-02-06 22:13:00,0,0,0
2015-02-06 22:13:19,0,0,0
2015-02-06 22:13:39,0,0,0
2015-02-06 22:14:36,0,0,0
2015-02-06 22:14:56,0,0,0
2015-02-06 22:15:33,0,0,0
2015-02-06 22:16:15,0,0,0
2015-02-06 22:16:34,0,0,0
2015-02-06 22:16:54,0,0,0
2015-02-06 22:17:13,0,0,0
2015-02-06 22:17:33,0,0,0
2015-02-06 22:17:52,0,0,0
2015-02-06 22:18:29,0,0,0
2015-02-06 22:19:25,0,0,0
2015-02-06 22:20:38,0,0,0
2015-02-06 22:21:16,0,0,0
2015-02-06 22:22:11,0,0,0
2015-02-06 22:22:49,0,0,0
2015-02-06 22:23:45,0,0,0
2015-02-06 22:24:04,0,0,0
2015-02-06 22:24:23,0,0,0
2015-02-06 22:25:01,0,0,0
2015-02-06 22:25:21,0,0,0
2015-02-06 22:25:40,0,0,0
2015-02-06 22:26:18,0,0,0
2015-02-06 22:27:49,0,0,0
2015-02-06 22:28:45,0,0,0
2015-02-06 22:29:04,1,0,0
2015-02-06 22:30:22,1,0,0
2015-02-06 22:30:41,1,0,0
2015-02-06 22:31:00,1,0,0
2015-02-06 22:31:21,1,0,0
2015-02-06 22:31:41,1,0,0
2015-02-06 22:32:18,1,0,0
2015-02-06 22:32:39,1,0,0
2015-02-06 22:32:59,1,0,0
2015-02-06 22:33:18,1,0,0
2015-02-06 22:33:38,0,0,0
2015-02-06 22:33:57,0,0,0
2015-02-06 22:34:34,0,0,0
2015-02-06 22:35:02,0,0,0
2015-02-06 22:35:21,0,0,0
2015-02-06 22:35:41,0,0,0
2015-02-06 22:36:00,0,0,0
2015-02-06 22:36:20,0,0,0
2015-02-06 22:38:09,0,0,0
2015-02-06 22:38:32,0,0,0
2015-02-06 22:39:10,0,0,0
2015-02-06 22:40:23,0,0,0
2015-02-06 22:41:18,0,0,0
2015-02-06 22:41:38,0,0,0
2015-02-06 22:42:37,0,0,0
2015-02-06 22:42:59,0,0,0
2015-02-06 22:43:18,0,0,0
2015-02-06 22:43:38,0,0,0
2015-02-06 22:43:57,0,0,0
2015-02-06 22:44:18,0,0,0
2015-02-06 22:44:38,0,0,0
2015-02-06 22:45:15,0,0,0
2015-02-06 22:45:35,0,0,0
2015-02-06 22:45:54,0,0,0
2015-02-06 22:46:32,0,0,0
2015-02-06 22:47:09,0,0,0
2015-02-06 22:47:29,0,0,0
2015-02-06 22:47:49,0,0,0
2015-02-06 22:49:02,0,0,0
2015-02-06 22:49:21,0,0,0
2015-02-06 22:49:59,0,0,0
2015-02-06 22:51:12,0,0,0
2015-02-06 22:52:07,0,0,0
2015-02-06 22:52:28,0,0,0
2015-02-06 22:52:50,0,0,0
2015-02-06 22:53:10,0,0,0
2015-02-06 22:53:30,0,0,0
2015-02-06 22:53:51,0,0,0
2015-02-06 22:54:10,0,0,0
2015-02-06 22:54:31,0,0,0
2015-02-06 22:54:51,0,0,0
2015-02-06 22:55:28,0,0,0
2015-02-06 22:55:49,0,0,0
2015-02-06 22:56:27,0,0,0
2015-02-06 22:56:48,0,0,0
2015-02-06 22:57:44,0,0,0
2015-02-06 22:58:05,0,0,0
2015-02-06 22:58:25,0,0,0
2015-02-06 22:58:44,0,0,0
2015-02-06 22:59:04,0,0,0
2015-02-06 22:59:24,1,0,0
2015-02-06 23:00:03,1,0,0
2015-02-06 23:00:47,1,0,0
2015-02-06 23:01:10,1,0,0
2015-02-06 23:02:06,1,0,0
2015-02-06 23:02:44,1,0,0
2015-02-06 23:03:04,1,0,0
2015-02-06 23:03:29,1,0,0
2015-02-06 23:03:49,1,0,0
2015-02-06 23:04:10,1,0,0
2015-02-06 23:04:29,0,0,0
2015-02-06 23:04:49,0,0,0
2015-02-06 23:05:12,0,0,0
2015-02-06 23:05:32,0,0,0
2015-02-06 23:05:53,0,0,0
2015-02-06 23:06:14,0,0,0
2015-02-06 23:07:10,0,0,0
2015-02-06 23:07:48,0,0,0
2015-02-06 23:08:44,0,0,0
2015-02-06 23:09:22,0,0,0
2015-02-06 23:09:42,0,0,0
2015-02-06 23:10:01,0,0,0
2015-02-06 23:10:21,0,0,0
2015-02-06 23:10:58,0,0,0
2015-02-06 23:11:53,0,0,0
2015-02-06 23:12:13,0,0,0
2015-02-06 23:12:50,0,0,0
2015-02-06 23:13:10,0,0,0
2015-02-06 23:13:29,0,0,0
2015-02-06 23:14:25,0,0,0
2015-02-06 23:15:02,0,0,0
2015-02-06 23:15:40,0,0,0
2015-02-06 23:16:20,0,0,0
2015-02-06 23:16:40,0,0,0
2015-02-06 23:16:59,0,0,0
2015-02-06 23:18:00,0,0,0
2015-02-06 23:18:56,0,0,0
2015-02-06 23:19:51,0,0,0
2015-02-06 23:21:22,0,0,0
2015-02-06 23:21:43,0,0,0
2015-02-06 23:23:14,0,0,0
2015-02-06 23:23:34,0,0,0
2015-02-06 23:23:53,0,0,0
2015-02-06 23:24:12,0,0,0
2015-02-06 23:24:32,0,0,0
2015-02-06 23:25:29,0,0,0
2015-02-06 23:26:24,0,0,0
2015-02-06 23:27:02,0,0,0
2015-02-06 23:27:21,0,0,0
2015-02-06 23:27:58,1,0,0
2015-02-06 23:28:54,1,0,0
2015-02-06 23:29:14,1,0,0
2015-02-06 23:29:33,1,0,0
2015-02-06 23:30:11,1,0,0
2015-02-06 23:30:30,1,0,0
2015-02-06 23:30:49,1,0,0
2015-02-06 23:31:08,1,0,0
2015-02-06 23:31:46,1,0,0
2015-02-06 23:32:05,1,0,0
2015-02-06 23:32:25,1,0,0
2015-02-06 23:32:44,1,0,0
2015-02-06 23:33:03,1,0,0
2015-02-06 23:33:22,0,0,0
2015-02-06 23:33:42,0,0,0
2015-02-06 23:34:01,0,0,0
2015-02-06 23:34:20,0,0,0
2015-02-06 23:34:40,0,0,0
2015-02-06 23:34:59,0,0,0
2015-02-06 23:35:18,0,0,0
2015-02-06 23:35:55,0,0,0
2015-02-06 23:36:35,0,0,0
2015-02-06 23:37:49,0,0,0
2015-02-06 23:38:08,0,0,0
2015-02-06 23:38:27,0,0,0
2015-02-06 23:38:46,0,0,0
2015-02-06 23:39:24,0,0,0
2015-02-06 23:39:43,0,0,0
2015-02-06 23:40:03,0,0,0
2015-02-06 23:40:58,0,0,0
2015-02-06 23:41:39,0,0,0
2015-02-06 23:43:11,0,0,0
2015-02-06 23:43:30,0,0,0
2015-02-06 23:44:07,0,0,0
2015-02-06 23:44:49,0,0,0
2015-02-06 23:45:08,0,0,0
2015-02-06 23:45:27,0,0,0
2015-02-06 23:46:05,0,0,0
2015-02-06 23:47:36,0,0,0
2015-02-06 23:47:55,0,0,0
2015-02-06 23:48:33,0,0,0
2015-02-06 23:49:28,0,0,0
2015-02-06 23:50:08,0,0,0
2015-02-06 23:51:03,0,0,0
2015-02-06 23:51:23,0,0,0
2015-02-06 23:52:00,0,0,0
2015-02-06 23:53:00,0,0,0
2015-02-06 23:54:17,0,0,0
2015-02-06 23:55:14,0,0,0
2015-02-06 23:56:28,1,0,0
2015-02-06 23:56:47,1,0,0
2015-02-06 23:57:06,1,0,0
2015-02-06 23:57:25,1,0,0
2015-02-06 23:58:03,1,0,0
2015-02-06 23:58:58,1,0,0
2015-02-06 23:59:19,1,0,0
2015-02-06 23:59:38,1,0,0
2015-02-06 23:59:56,1,0,0
2015-02-07 00:00:15,1,0,0
2015-02-07 00:00:33,1,0,0
2015-02-07 00:00:52,1,0,0
2015-02-07 00:01:10,1,0,0
2015-02-07 00:01:29,1,0,0
2015-02-07 00:01:47,0,0,0
2015-02-07 00:02:06,0,0,0
2015-02-07 00:02:25,0,0,0
2015-02-07 00:02:43,0,0,0
2015-02-07 00:03:02,0,0,0
2015-02-07 00:03:20,0,0,0
2015-02-07 00:03:39,0,0,0
2015-02-07 00:03:57,0,0,0
2015-02-07 00:05:10,0,0,0
2015-02-07 00:05:28,0,0,0
2015-02-07 00:06:07,0,0,0
2015-02-07 00:06:43,0,0,0
2015-02-07 00:07:02,0,0,0
2015-02-07 00:07:21,0,0,0
2015-02-07 00:07:39,0,0,0
2015-02-07 00:07:58,0,0,0
2015-02-07 00:09:10,0,0,0
2015-02-07 00:09:47,0,0,0
2015-02-07 00:10:23,0,0,0
2015-02-07 00:11:00,0,0,0
2015-02-07 00:11:19,0,0,0
2015-02-07 00:11:37,0,0,0
2015-02-07 00:12:14,0,0,0
2015-02-07 00:12:50,0,0,0
2015-02-07 00:13:09,0,0,0
2015-02-07 00:13:45,0,0,0
2015-02-07 00:14:58,0,0,0
2015-02-07 00:16:14,0,0,0
2015-02-07 00:17:09,0,0,0
2015-02-07 00:17:27,0,0,0
2015-02-07 00:18:40,0,0,0
2015-02-07 00:18:58,0,0,0
2015-02-07 00:19:37,0,0,0
2015-02-07 00:20:23,0,0,0
2015-02-07 00:20:42,0,0,0
2015-02-07 00:21:01,0,0,0
2015-02-07 00:21:19,0,0,0
2015-02-07 00:21:38,0,0,0
2015-02-07 00:22:14,0,0,0
2015-02-07 00:22:51,0,0,0
2015-02-07 00:23:10,0,0,0
2015-02-07 00:24:22,1,0,0
2015-02-07 00:24:41,1,0,0
2015-02-07 00:25:18,1,0,0
2015-02-07 00:25:36,1,0,0
2015-02-07 00:26:13,1,0,0
2015-02-07 00:26:31,1,0,0
2015-02-07 00:27:08,1,0,0
2015-02-07 00:27:26,1,0,0
2015-02-07 00:27:45,1,0,0
2015-02-07 00:28:22,1,0,0
2015-02-07 00:28:40,1,0,0
2015-02-07 00:28:59,1,0,0
2015-02-07 00:29:18,1,0,0
2015-02-07 00:29:36,0,0,0
2015-02-07 00:29:55,0,0,0
2015-02-07 00:30:13,0,0,0
2015-02-07 00:30:32,0,0,0
2015-02-07 00:30:51,0,0,0
2015-02-07 00:31:10,0,0,0
2015-02-07 00:31:28,0,0,0
2015-02-07 00:32:05,0,0,0
2015-02-07 00:33:17,0,0,0
2015-02-07 00:33:36,0,0,0
2015-02-07 00:34:58,0,0,0
2015-02-07 00:36:35,0,0,0
2015-02-07 00:37:11,0,0,0
2015-02-07 00:38:24,0,0,0
2015-02-07 00:39:00,0,0,0
2015-02-07 00:39:37,0,0,0
2015-02-07 00:39:56,0,0,0
2015-02-07 00:40:14,0,0,0
2015-02-07 00:41:27,0,0,0
2015-02-07 00:42:09,0,0,0
2015-02-07 00:42:28,0,0,0
2015-02-07 00:43:22,0,0,0
2015-02-07 00:43:43,0,0,0
2015-02-07 00:44:02,0,0,0
2015-02-07 00:44:38,0,0,0
2015-02-07 00:44:57,0,0,0
2015-02-07 00:45:16,0,0,0
2015-02-07 00:45:34,0,0,0
2015-02-07 00:46:11,0,0,0
2015-02-07 00:47:23,0,0,0
2015-02-07 00:47:42,0,0,0
2015-02-07 00:48:00,0,0,0
2015-02-07 00:48:37,0,0,0
2015-02-07 00:49:32,0,0,0
2015-02-07 00:50:09,0,0,0
2015-02-07 00:50:27,0,0,0
2015-02-07 00:50:46,1,0,0
2015-02-07 00:51:40,1,0,0
2015-02-07 00:52:17,1,0,0
2015-02-07 00:53:48,1,0,0
2015-02-07 00:54:06,1,0,0
2015-02-07 00:54:25,1,0,0
2015-02-07 00:55:01,1,0,0
2015-02-07 00:55:20,1,0,0
2015-02-07 00:55:45,1,0,0
2015-02-07 00:56:04,0,0,0
2015-02-07 00:56:22,0,0,0
2015-02-07 00:56:41,0,0,0
2015-02-07 00:57:00,0,0,0
2015-02-07 00:57:18,0,0,0
2015-02-07 00:57:37,0,0,0
2015-02-07 00:58:14,0,0,0
2015-02-07 00:58:33,0,0,0
2015-02-07 00:59:45,0,0,0
2015-02-07 01:00:04,0,0,0
2015-02-07 01:00:23,0,0,0
2015-02-07 01:00:42,0,0,0
2015-02-07 01:01:00,0,0,0
2015-02-07 01:01:19,0,0,0
2015-02-07 01:01:38,0,0,0
2015-02-07 01:02:00,0,0,0
2015-02-07 01:03:13,0,0,0
2015-02-07 01:04:07,0,0,0
2015-02-07 01:04:44,0,0,0
2015-02-07 01:05:56,0,0,0
2015-02-07 01:06:15,0,0,0
2015-02-07 01:06:34,0,0,0
2015-02-07 01:07:10,0,0,0
2015-02-07 01:07:29,0,0,0
2015-02-07 01:07:47,0,0,0
2015-02-07 01:08:24,0,0,0
2015-02-07 01:08:43,0,0,0
2015-02-07 01:09:01,0,0,0
2015-02-07 01:09:57,0,0,0
2015-02-07 01:10:35,0,0,0
2015-02-07 01:11:12,0,0,0
2015-02-07 01:12:07,0,0,0
2015-02-07 01:12:43,0,0,0
2015-02-07 01:13:02,0,0,0
2015-02-07 01:13:20,0,0,0
2015-02-07 01:13:39,0,0,0
2015-02-07 01:13:57,0,0,0
2015-02-07 01:14:16,0,0,0
2015-02-07 01:14:35,0,0,0
2015-02-07 01:15:11,0,0,0
2015-02-07 01:15:30,0,0,0
2015-02-07 01:16:07,0,0,0
2015-02-07 01:17:01,1,0,0
2015-02-07 01:17:56,1,0,0
2015-02-07 01:19:26,1,0,0
2015-02-07 01:19:45,1,0,0
2015-02-07 01:20:04,1,0,0
2015-02-07 01:20:22,1,0,0
2015-02-07 01:20:41,1,0,0
2015-02-07 01:20:59,1,0,0
2015-02-07 01:21:18,1,0,0
2015-02-07 01:21:36,1,0,0
2015-02-07 01:21:55,1,0,0
2015-02-07 01:22:14,1,0,0
2015-02-07 01:22:32,0,0,0
2015-02-07 01:22:51,0,0,0
2015-02-07 01:23:09,0,0,0
2015-02-07 01:23:28,0,0,0
2015-02-07 01:23:46,0,0,0
2015-02-07 01:24:05,0,0,0
2015-02-07 01:24:23,0,0,0
2015-02-07 01:25:00,0,0,0
2015-02-07 01:25:37,0,0,0
2015-02-07 01:26:13,0,0,0
2015-02-07 01:27:43,0,0,0
2015-02-07 01:28:38,0,0,0
2015-02-07 01:28:56,0,0,0
2015-02-07 01:30:27,0,0,0
2015-02-07 01:31:41,0,0,0
2015-02-07 01:32:00,0,0,0
2015-02-07 01:32:18,0,0,0
2015-02-07 01:33:31,0,0,0
2015-02-07 01:33:50,0,0,0
2015-02-07 01:34:26,0,0,0
2015-02-07 01:34:45,0,0,0
2015-02-07 01:35:03,0,0,0
2015-02-07 01:35:22,0,0,0
2015-02-07 01:35:40,0,0,0
2015-02-07 01:35:59,0,0,0
2015-02-07 01:36:18,0,0,0
2015-02-07 01:36:36,0,0,0
2015-02-07 01:36:55,0,0,0
2015-02-07 01:37:51,0,0,0
2015-02-07 01:38:10,0,0,0
2015-02-07 01:38:29,0,0,0
2015-02-07 01:38:47,0,0,0
2015-02-07 01:39:28,0,0,0
2015-02-07 01:39:46,0,0,0
2015-02-07 01:40:05,0,0,0
2015-02-07 01:40:24,0,0,0
2015-02-07 01:40:42,0,0,0
2015-02-07 01:41:01,0,0,0
2015-02-07 01:41:19,0,0,0
2015-02-07 01:42:14,0,0,0
2015-02-07 01:42:50,1,0,0
2015-02-07 01:43:09,1,0,0
2015-02-07 01:43:27,1,0,0
2015-02-07 01:44:40,1,0,0
2015-02-07 01:45:16,1,0,0
2015-02-07 01:45:35,1,0,0
2015-02-07 01:45:54,1,0,0
2015-02-07 01:46:12,1,0,0
2015-02-07 01:46:31,1,0,0
2015-02-07 01:46:49,1,0,0
2015-02-07 01:47:08,1,0,0
2015-02-07 01:47:44,1,0,0
2015-02-07 01:48:03,1,0,0
2015-02-07 01:48:22,1,0,0
2015-02-07 01:48:41,1,0,0
2015-02-07 01:48:59,1,0,0
2015-02-07 01:49:18,0,0,0
2015-02-07 01:49:36,0,0,0
2015-02-07 01:49:55,0,0,0
2015-02-07 01:50:13,0,0,0
2015-02-07 01:50:32,0,0,0
2015-02-07 01:51:09,0,0,0
2015-02-07 01:52:57,0,0,0
2015-02-07 01:53:16,0,0,0
2015-02-07 01:54:10,0,0,0
2015-02-07 01:55:05,0,0,0
2015-02-07 01:55:41,0,0,0
2015-02-07 01:56:18,0,0,0
2015-02-07 01:56:54,0,0,0
2015-02-07 01:57:49,0,0,0
2015-02-07 01:58:08,0,0,0
2015-02-07 01:58:26,0,0,0
2015-02-07 01:58:45,0,0,0
2015-02-07 01:59:03,0,0,0
2015-02-07 01:59:22,0,0,0
2015-02-07 01:59:40,0,0,0
2015-02-07 02:00:55,0,0,0
2015-02-07 02:01:13,0,0,0
2015-02-07 02:01:50,0,0,0
2015-02-07 02:02:09,0,0,0
2015-02-07 02:02:27,0,0,0
2015-02-07 02:02:46,0,0,0
2015-02-07 02:03:22,0,0,0
2015-02-07 02:03:41,0,0,0
2015-02-07 02:03:59,0,0,0
2015-02-07 02:04:54,0,0,0
2015-02-07 02:05:13,0,0,0
2015-02-07 02:06:07,0,0,0
2015-02-07 02:06:26,1,0,0
2015-02-07 02:06:44,1,0,0
2015-02-07 02:07:03,1,0,0
2015-02-07 02:08:53,1,0,0
2015-02-07 02:09:12,1,0,0
2015-02-07 02:09:30,1,0,0
2015-02-07 02:09:49,1,0,0
2015-02-07 02:10:07,1,0,0
2015-02-07 02:10:26,1,0,0
2015-02-07 02:10:45,1,0,0
2015-02-07 02:11:03,1,0,0
2015-02-07 02:11:22,1,0,0
2015-02-07 02:11:40,0,0,0
2015-02-07 02:11:59,0,0,0
2015-02-07 02:12:18,0,0,0
2015-02-07 02:12:36,0,0,0
2015-02-07 02:12:55,0,0,0
2015-02-07 02:13:13,0,0,0
2015-02-07 02:13:32,0,0,0
2015-02-07 02:13:52,0,0,0
2015-02-07 02:14:11,0,0,0
2015-02-07 02:14:32,0,0,0
2015-02-07 02:15:08,0,0,0
2015-02-07 02:16:03,0,0,0
2015-02-07 02:16:40,0,0,0
2015-02-07 02:17:34,0,0,0
2015-02-07 02:18:13,0,0,0
2015-02-07 02:18:49,0,0,0
2015-02-07 02:19:26,0,0,0
2015-02-07 02:20:20,0,0,0
2015-02-07 02:20:57,0,0,0
2015-02-07 02:21:15,0,0,0
2015-02-07 02:21:52,0,0,0
2015-02-07 02:22:28,0,0,0
2015-02-07 02:22:47,0,0,0
2015-02-07 02:23:06,0,0,0
2015-02-07 02:24:00,0,0,0
2015-02-07 02:24:37,0,0,0
2015-02-07 02:24:55,0,0,0
2015-02-07 02:25:32,0,0,0
2015-02-07 02:25:50,0,0,0
2015-02-07 02:26:27,0,0,0
2015-02-07 02:26:46,0,0,0
2015-02-07 02:27:26,0,0,0
2015-02-07 02:27:45,0,0,0
2015-02-07 02:28:03,0,0,0
2015-02-07 02:28:40,0,0,0
2015-02-07 02:29:52,1,0,0
2015-02-07 02:30:29,1,0,0
2015-02-07 02:30:47,1,0,0
2015-02-07 02:32:36,1,0,0
2015-02-07 02:33:13,1,0,0
2015-02-07 02:33:31,1,0,0
2015-02-07 02:33:50,1,0,0
2015-02-07 02:34:08,1,0,0
2015-02-07 02:34:27,1,0,0
2015-02-07 02:34:46,1,0,0
2015-02-07 02:35:05,1,0,0
2015-02-07 02:35:23,1,0,0
2015-02-07 02:35:42,0,0,0
2015-02-07 02:36:18,0,0,0
2015-02-07 02:36:37,0,0,0
2015-02-07 02:36:59,0,0,0
2015-02-07 02:37:18,0,0,0
2015-02-07 02:37:37,0,0,0
2015-02-07 02:37:55,0,0,0
2015-02-07 02:39:08,0,0,0
2015-02-07 02:39:26,0,0,0
2015-02-07 02:39:45,0,0,0
2015-02-07 02:40:40,0,0,0
2015-02-07 02:41:16,0,0,0
2015-02-07 02:41:35,0,0,0
2015-02-07 02:41:53,0,0,0
2015-02-07 02:42:30,0,0,0
2015-02-07 02:43:06,0,0,0
2015-02-07 02:43:43,0,0,0
2015-02-07 02:44:20,0,0,0
2015-02-07 02:44:38,0,0,0
2015-02-07 02:45:51,0,0,0
2015-02-07 02:47:03,0,0,0
2015-02-07 02:47:22,0,0,0
2015-02-07 02:47:40,0,0,0
2015-02-07 02:48:35,0,0,0
2015-02-07 02:48:53,0,0,0
2015-02-07 02:49:30,0,0,0
2015-02-07 02:49:48,0,0,0
2015-02-07 02:50:09,0,0,0
2015-02-07 02:50:28,0,0,0
2015-02-07 02:50:46,0,0,0
2015-02-07 02:51:41,0,0,0
2015-02-07 02:53:13,0,0,0
2015-02-07 02:53:50,0,0,0
2015-02-07 02:54:08,0,0,0
2015-02-07 02:55:03,0,0,0
2015-02-07 02:55:21,0,0,0
2015-02-07 02:55:58,0,0,0
2015-02-07 02:56:17,0,0,0
2015-02-07 02:56:53,0,0,0
2015-02-07 02:57:30,0,0,0
2015-02-07 02:57:49,0,0,0
2015-02-07 02:58:07,0,0,0
2015-02-07 02:58:26,0,0,0
2015-02-07 02:59:02,0,0,0
2015-02-07 02:59:39,0,0,0
2015-02-07 03:00:16,0,0,0
2015-02-07 03:01:10,0,0,0
2015-02-07 03:01:29,0,0,0
2015-02-07 03:01:48,0,0,0
2015-02-07 03:02:06,0,0,0
2015-02-07 03:02:25,0,0,0
2015-02-07 03:02:43,0,0,0
2015-02-07 03:03:02,1,0,0
2015-02-07 03:03:21,1,0,0
2015-02-07 03:03:39,1,0,0
2015-02-07 03:04:16,1,0,0
2015-02-07 03:04:34,1,0,0
2015-02-07 03:05:11,1,0,0
2015-02-07 03:05:48,1,0,0
2015-02-07 03:06:06,1,0,0
2015-02-07 03:06:43,1,0,0
2015-02-07 03:07:01,1,0,0
2015-02-07 03:07:20,1,0,0
2015-02-07 03:07:39,1,0,0
2015-02-07 03:07:57,1,0,0
2015-02-07 03:08:16,1,0,0
2015-02-07 03:08:34,0,0,0
2015-02-07 03:08:53,0,0,0
2015-02-07 03:09:12,0,0,0
2015-02-07 03:09:30,0,0,0
2015-02-07 03:09:49,0,0,0
2015-02-07 03:10:25,0,0,0
2015-02-07 03:10:44,0,0,0
2015-02-07 03:11:03,0,0,0
2015-02-07 03:11:39,0,0,0
2015-02-07 03:11:58,0,0,0
2015-02-07 03:12:34,0,0,0
2015-02-07 03:13:29,0,0,0
2015-02-07 03:13:48,0,0,0
2015-02-07 03:14:06,0,0,0
2015-02-07 03:14:25,0,0,0
2015-02-07 03:15:19,0,0,0
2015-02-07 03:15:38,0,0,0
2015-02-07 03:16:14,0,0,0
2015-02-07 03:17:09,0,0,0
2015-02-07 03:17:28,0,0,0
2015-02-07 03:17:46,0,0,0
2015-02-07 03:18:05,0,0,0
2015-02-07 03:18:41,0,0,0
2015-02-07 03:19:00,0,0,0
2015-02-07 03:19:37,0,0,0
2015-02-07 03:19:55,0,0,0
2015-02-07 03:20:14,0,0,0
2015-02-07 03:21:08,0,0,0
2015-02-07 03:21:45,0,0,0
2015-02-07 03:22:22,0,0,0
2015-02-07 03:22:58,0,0,0
2015-02-07 03:23:17,0,0,0
2015-02-07 03:23:36,0,0,0
2015-02-07 03:24:48,0,0,0
2015-02-07 03:25:07,0,0,0
2015-02-07 03:25:43,0,0,0
2015-02-07 03:26:02,0,0,0
2015-02-07 03:26:21,0,0,0
2015-02-07 03:26:40,0,0,0
2015-02-07 03:26:58,0,0,0
2015-02-07 03:27:35,1,0,0
2015-02-07 03:27:54,1,0,0
2015-02-07 03:28:12,1,0,0
2015-02-07 03:30:01,1,0,0
2015-02-07 03:30:19,1,0,0
2015-02-07 03:30:38,1,0,0
2015-02-07 03:30:57,1,0,0
2015-02-07 03:31:15,1,0,0
2015-02-07 03:31:34,1,0,0
2015-02-07 03:31:52,1,0,0
2015-02-07 03:32:11,1,0,0
2015-02-07 03:32:30,1,0,0
2015-02-07 03:32:48,0,0,0
2015-02-07 03:33:07,0,0,0
2015-02-07 03:33:26,0,0,0
2015-02-07 03:33:44,0,0,0
2015-02-07 03:34:03,0,0,0
2015-02-07 03:34:21,0,0,0
2015-02-07 03:34:40,0,0,0
2015-02-07 03:34:59,0,0,0
2015-02-07 03:35:35,0,0,0
2015-02-07 03:36:30,0,0,0
2015-02-07 03:37:06,0,0,0
2015-02-07 03:38:37,0,0,0
2015-02-07 03:39:14,0,0,0
2015-02-07 03:39:51,0,0,0
2015-02-07 03:41:03,0,0,0
2015-02-07 03:42:16,0,0,0
2015-02-07 03:42:34,0,0,0
2015-02-07 03:43:11,0,0,0
2015-02-07 03:43:30,0,0,0
2015-02-07 03:44:24,0,0,0
2015-02-07 03:45:01,0,0,0
2015-02-07 03:45:20,0,0,0
2015-02-07 03:45:57,0,0,0
2015-02-07 03:46:16,0,0,0
2015-02-07 03:46:34,0,0,0
2015-02-07 03:46:53,0,0,0
2015-02-07 03:47:12,0,0,0
2015-02-07 03:47:48,0,0,0
2015-02-07 03:48:25,0,0,0
2015-02-07 03:48:43,0,0,0
2015-02-07 03:49:20,0,0,0
2015-02-07 03:49:39,0,0,0
2015-02-07 03:49:58,0,0,0
2015-02-07 03:50:16,0,0,0
2015-02-07 03:50:53,1,0,0
2015-02-07 03:51:30,1,0,0
2015-02-07 03:52:25,1,0,0
2015-02-07 03:52:43,1,0,0
2015-02-07 03:53:20,1,0,0
2015-02-07 03:53:39,1,0,0
2015-02-07 03:54:36,1,0,0
2015-02-07 03:54:54,1,0,0
2015-02-07 03:55:13,1,0,0
2015-02-07 03:55:31,1,0,0
2015-02-07 03:55:50,1,0,0
2015-02-07 03:56:11,1,0,0
2015-02-07 03:56:29,0,0,0
2015-02-07 03:56:48,0,0,0
2015-02-07 03:57:07,0,0,0
2015-02-07 03:57:25,0,0,0
2015-02-07 03:57:44,0,0,0
2015-02-07 03:58:02,0,0,0
2015-02-07 03:58:39,0,0,0
2015-02-07 03:59:00,0,0,0
2015-02-07 04:01:24,0,0,0
2015-02-07 04:02:01,0,0,0
2015-02-07 04:02:20,0,0,0
2015-02-07 04:02:39,0,0,0
2015-02-07 04:02:58,0,0,0
2015-02-07 04:03:16,0,0,0
2015-02-07 04:03:35,0,0,0
2015-02-07 04:04:12,0,0,0
2015-02-07 04:05:06,0,0,0
2015-02-07 04:05:25,0,0,0
2015-02-07 04:07:13,0,0,0
2015-02-07 04:07:32,0,0,0
2015-02-07 04:07:50,0,0,0
2015-02-07 04:08:09,0,0,0
2015-02-07 04:08:46,0,0,0
2015-02-07 04:09:05,0,0,0
2015-02-07 04:09:41,0,0,0
2015-02-07 04:10:00,0,0,0
2015-02-07 04:10:18,0,0,0
2015-02-07 04:10:37,0,0,0
2015-02-07 04:10:56,0,0,0
2015-02-07 04:11:14,0,0,0
2015-02-07 04:11:33,0,0,0
2015-02-07 04:12:28,0,0,0
2015-02-07 04:12:46,0,0,0
2015-02-07 04:13:05,0,0,0
2015-02-07 04:13:41,0,0,0
2015-02-07 04:14:54,1,0,0
2015-02-07 04:15:13,1,0,0
2015-02-07 04:15:50,1,0,0
2015-02-07 04:17:20,1,0,0
2015-02-07 04:17:59,1,0,0
2015-02-07 04:18:18,1,0,0
2015-02-07 04:18:36,1,0,0
2015-02-07 04:18:55,1,0,0
2015-02-07 04:19:14,1,0,0
2015-02-07 04:19:32,1,0,0
2015-02-07 04:19:51,1,0,0
2015-02-07 04:20:09,1,0,0
2015-02-07 04:20:28,0,0,0
2015-02-07 04:20:47,0,0,0
2015-02-07 04:21:05,0,0,0
2015-02-07 04:21:24,0,0,0
2015-02-07 04:21:43,0,0,0
2015-02-07 04:22:01,0,0,0
2015-02-07 04:22:20,0,0,0
2015-02-07 04:22:39,0,0,0
2015-02-07 04:23:33,0,0,0
2015-02-07 04:25:04,0,0,0
2015-02-07 04:25:40,0,0,0
2015-02-07 04:26:17,0,0,0
2015-02-07 04:27:32,0,0,0
2015-02-07 04:27:51,0,0,0
2015-02-07 04:29:21,0,0,0
2015-02-07 04:29:40,0,0,0
2015-02-07 04:30:16,0,0,0
2015-02-07 04:30:53,0,0,0
2015-02-07 04:31:48,0,0,0
2015-02-07 04:32:06,0,0,0
2015-02-07 04:32:25,0,0,0
2015-02-07 04:33:02,0,0,0
2015-02-07 04:33:21,0,0,0
2015-02-07 04:33:57,0,0,0
2015-02-07 04:34:16,0,0,0
2015-02-07 04:34:35,0,0,0
2015-02-07 04:34:54,0,0,0
2015-02-07 04:35:14,0,0,0
2015-02-07 04:35:33,0,0,0
2015-02-07 04:36:10,0,0,0
2015-02-07 04:37:04,0,0,0
2015-02-07 04:37:23,0,0,0
2015-02-07 04:38:00,1,0,0
2015-02-07 04:38:54,1,0,0
2015-02-07 04:39:31,1,0,0
2015-02-07 04:40:07,1,0,0
2015-02-07 04:40:44,1,0,0
2015-02-07 04:41:21,1,0,0
2015-02-07 04:41:40,1,0,0
2015-02-07 04:41:59,1,0,0
2015-02-07 04:42:18,1,0,0
2015-02-07 04:42:36,1,0,0
2015-02-07 04:42:55,1,0,0
2015-02-07 04:43:14,1,0,0
2015-02-07 04:43:50,1,0,0
2015-02-07 04:44:09,0,0,0
2015-02-07 04:44:28,0,0,0
2015-02-07 04:44:47,0,0,0
2015-02-07 04:45:05,0,0,0
2015-02-07 04:45:24,0,0,0
2015-02-07 04:45:43,0,0,0
2015-02-07 04:46:19,0,0,0
2015-02-07 04:46:56,0,0,0
2015-02-07 04:47:15,0,0,0
2015-02-07 04:49:04,0,0,0
2015-02-07 04:49:40,0,0,0
2015-02-07 04:49:59,0,0,0
2015-02-07 04:50:18,0,0,0
2015-02-07 04:50:36,0,0,0
2015-02-07 04:51:13,0,0,0
2015-02-07 04:51:32,0,0,0
2015-02-07 04:52:27,0,0,0
2015-02-07 04:52:46,0,0,0
2015-02-07 04:53:04,0,0,0
2015-02-07 04:53:23,0,0,0
2015-02-07 04:54:17,0,0,0
2015-02-07 04:54:54,0,0,0
2015-02-07 04:56:43,0,0,0
2015-02-07 04:57:21,0,0,0
2015-02-07 04:57:40,0,0,0
2015-02-07 04:57:59,0,0,0
2015-02-07 04:58:18,0,0,0
2015-02-07 04:58:36,0,0,0
2015-02-07 04:59:13,0,0,0
2015-02-07 05:00:08,0,0,0
2015-02-07 05:00:26,0,0,0
2015-02-07 05:01:03,1,0,0
2015-02-07 05:01:58,1,0,0
2015-02-07 05:02:17,1,0,0
2015-02-07 05:03:11,1,0,0
2015-02-07 05:03:48,1,0,0
2015-02-07 05:04:24,1,0,0
2015-02-07 05:04:43,1,0,0
2015-02-07 05:05:02,1,0,0
2015-02-07 05:05:20,1,0,0
2015-02-07 05:05:39,1,0,0
2015-02-07 05:05:58,1,0,0
2015-02-07 05:06:16,1,0,0
2015-02-07 05:06:35,0,0,0
2015-02-07 05:06:54,0,0,0
2015-02-07 05:07:12,0,0,0
2015-02-07 05:07:31,0,0,0
2015-02-07 05:08:25,0,0,0
2015-02-07 05:08:44,0,0,0
2015-02-07 05:09:03,0,0,0
2015-02-07 05:09:22,0,0,0
2015-02-07 05:10:34,0,0,0
2015-02-07 05:11:47,0,0,0
2015-02-07 05:12:05,0,0,0
2015-02-07 05:12:24,0,0,0
2015-02-07 05:12:43,0,0,0
2015-02-07 05:13:01,0,0,0
2015-02-07 05:13:20,0,0,0
2015-02-07 05:14:15,0,0,0
2015-02-07 05:14:33,0,0,0
2015-02-07 05:16:04,0,0,0
2015-02-07 05:16:23,0,0,0
2015-02-07 05:17:17,0,0,0
2015-02-07 05:17:38,0,0,0
2015-02-07 05:17:57,0,0,0
2015-02-07 05:18:16,0,0,0
2015-02-07 05:18:35,0,0,0
2015-02-07 05:18:54,0,0,0
2015-02-07 05:19:13,0,0,0
2015-02-07 05:19:32,0,0,0
2015-02-07 05:20:08,0,0,0
2015-02-07 05:20:45,0,0,0
2015-02-07 05:21:04,0,0,0
2015-02-07 05:21:23,0,0,0
2015-02-07 05:21:41,1,0,0
2015-02-07 05:22:18,1,0,0
2015-02-07 05:22:37,1,0,0
2015-02-07 05:22:55,1,0,0
2015-02-07 05:24:44,1,0,0
2015-02-07 05:25:43,1,0,0
2015-02-07 05:26:20,1,0,0
2015-02-07 05:26:39,1,0,0
2015-02-07 05:26:58,1,0,0
2015-02-07 05:27:17,1,0,0
2015-02-07 05:27:46,1,0,0
2015-02-07 05:28:05,0,0,0
2015-02-07 05:28:24,0,0,0
2015-02-07 05:28:42,0,0,0
2015-02-07 05:29:37,0,0,0
2015-02-07 05:29:56,0,0,0
2015-02-07 05:30:19,0,0,0
2015-02-07 05:30:37,0,0,0
2015-02-07 05:31:50,0,0,0
2015-02-07 05:32:27,0,0,0
2015-02-07 05:33:07,0,0,0
2015-02-07 05:33:26,0,0,0
2015-02-07 05:33:45,0,0,0
2015-02-07 05:34:03,0,0,0
2015-02-07 05:34:22,0,0,0
2015-02-07 05:35:01,0,0,0
2015-02-07 05:35:19,0,0,0
2015-02-07 05:35:38,0,0,0
2015-02-07 05:35:57,0,0,0
2015-02-07 05:36:34,0,0,0
2015-02-07 05:36:53,0,0,0
2015-02-07 05:38:23,0,0,0
2015-02-07 05:38:42,0,0,0
2015-02-07 05:39:19,0,0,0
2015-02-07 05:39:55,0,0,0
2015-02-07 05:40:14,0,0,0
2015-02-07 05:41:27,0,0,0
2015-02-07 05:42:22,0,0,0
2015-02-07 05:42:40,0,0,0
2015-02-07 05:42:59,0,0,0
2015-02-07 05:43:18,0,0,0
2015-02-07 05:44:13,1,0,0
2015-02-07 05:44:32,1,0,0
2015-02-07 05:45:11,1,0,0
2015-02-07 05:45:30,1,0,0
2015-02-07 05:46:43,1,0,0
2015-02-07 05:47:01,1,0,0
2015-02-07 05:47:38,1,0,0
2015-02-07 05:47:57,1,0,0
2015-02-07 05:48:15,1,0,0
2015-02-07 05:48:34,1,0,0
2015-02-07 05:48:53,1,0,0
2015-02-07 05:49:11,1,0,0
2015-02-07 05:49:30,1,0,0
2015-02-07 05:49:49,0,0,0
2015-02-07 05:50:08,0,0,0
2015-02-07 05:50:27,0,0,0
2015-02-07 05:50:45,0,0,0
2015-02-07 05:51:04,0,0,0
2015-02-07 05:51:23,0,0,0
2015-02-07 05:51:42,0,0,0
2015-02-07 05:52:01,0,0,0
2015-02-07 05:52:20,0,0,0
2015-02-07 05:52:39,0,0,0
2015-02-07 05:53:16,0,0,0
2015-02-07 05:53:35,0,0,0
2015-02-07 05:53:53,0,0,0
2015-02-07 05:54:12,0,0,0
2015-02-07 05:54:32,0,0,0
2015-02-07 05:55:08,0,0,0
2015-02-07 05:55:46,0,0,0
2015-02-07 05:56:22,0,0,0
2015-02-07 05:56:42,0,0,0
2015-02-07 05:57:01,0,0,0
2015-02-07 05:57:56,0,0,0
2015-02-07 05:58:33,0,0,0
2015-02-07 05:58:52,0,0,0
2015-02-07 05:59:13,0,0,0
2015-02-07 05:59:31,0,0,0
2015-02-07 05:59:50,0,0,0
2015-02-07 06:00:09,0,0,0
2015-02-07 06:00:27,0,0,0
2015-02-07 06:01:04,0,0,0
2015-02-07 06:01:23,0,0,0
2015-02-07 06:02:00,0,0,0
2015-02-07 06:02:19,0,0,0
2015-02-07 06:02:38,0,0,0
2015-02-07 06:02:56,0,0,0
2015-02-07 06:03:33,0,0,0
2015-02-07 06:03:52,0,0,0
2015-02-07 06:04:11,0,0,0
2015-02-07 06:04:30,1,0,0
2015-02-07 06:04:49,1,0,0
2015-02-07 06:05:07,1,0,0
2015-02-07 06:05:26,1,0,0
2015-02-07 06:05:45,1,0,0
2015-02-07 06:06:21,1,0,0
2015-02-07 06:06:58,1,0,0
2015-02-07 06:07:17,1,0,0
2015-02-07 06:07:36,1,0,0
2015-02-07 06:07:55,1,0,0
2015-02-07 06:08:13,1,0,0
2015-02-07 06:08:32,1,0,0
2015-02-07 06:08:51,1,0,0
2015-02-07 06:09:10,1,0,0
2015-02-07 06:09:46,1,0,0
2015-02-07 06:10:05,1,0,0
2015-02-07 06:10:42,0,0,0
2015-02-07 06:11:01,0,0,0
2015-02-07 06:11:19,0,0,0
2015-02-07 06:11:56,0,0,0
2015-02-07 06:12:15,0,0,0
2015-02-07 06:12:34,0,0,0
2015-02-07 06:12:52,0,0,0
2015-02-07 06:13:29,0,0,0
2015-02-07 06:13:48,0,0,0
2015-02-07 06:14:25,0,0,0
2015-02-07 06:14:43,0,0,0
2015-02-07 06:15:02,0,0,0
2015-02-07 06:15:39,0,0,0
2015-02-07 06:15:58,0,0,0
2015-02-07 06:16:35,0,0,0
2015-02-07 06:17:15,0,0,0
2015-02-07 06:17:34,0,0,0
2015-02-07 06:17:53,0,0,0
2015-02-07 06:18:11,0,0,0
2015-02-07 06:18:30,0,0,0
2015-02-07 06:18:49,0,0,0
2015-02-07 06:19:08,0,0,0
2015-02-07 06:19:27,0,0,0
2015-02-07 06:20:22,0,0,0
2015-02-07 06:20:41,0,0,0
2015-02-07 06:20:59,0,0,0
2015-02-07 06:21:18,0,0,0
2015-02-07 06:21:37,0,0,0
2015-02-07 06:21:56,0,0,0
2015-02-07 06:22:33,0,0,0
2015-02-07 06:23:28,0,0,0
2015-02-07 06:23:47,0,0,0
2015-02-07 06:24:06,0,0,0
2015-02-07 06:24:43,0,0,0
2015-02-07 06:25:37,0,0,0
2015-02-07 06:25:56,0,0,0
2015-02-07 06:26:33,0,0,0
2015-02-07 06:26:52,0,0,0
2015-02-07 06:27:11,0,0,0
2015-02-07 06:27:30,1,0,0
2015-02-07 06:27:49,1,0,0
2015-02-07 06:28:08,1,0,0
2015-02-07 06:28:27,1,0,0
2015-02-07 06:29:04,1,0,0
2015-02-07 06:29:41,1,0,0
2015-02-07 06:30:00,1,0,0
2015-02-07 06:30:36,1,0,0
2015-02-07 06:30:56,1,0,0
2015-02-07 06:31:14,1,0,0
2015-02-07 06:31:51,1,0,0
2015-02-07 06:32:10,1,0,0
2015-02-07 06:32:29,1,0,0
2015-02-07 06:32:48,1,0,0
2015-02-07 06:33:06,1,0,0
2015-02-07 06:33:27,1,0,0
2015-02-07 06:33:46,0,0,0
2015-02-07 06:34:05,0,0,0
2015-02-07 06:34:24,0,0,0
2015-02-07 06:34:43,0,0,0
2015-02-07 06:35:20,0,0,0
2015-02-07 06:35:39,0,0,0
2015-02-07 06:35:58,0,0,0
2015-02-07 06:36:34,0,0,0
2015-02-07 06:36:53,0,0,0
2015-02-07 06:37:13,0,0,0
2015-02-07 06:37:32,0,0,0
2015-02-07 06:38:09,0,0,0
2015-02-07 06:38:29,0,0,0
2015-02-07 06:39:06,0,0,0
2015-02-07 06:40:01,0,0,0
2015-02-07 06:40:19,0,0,0
2015-02-07 06:41:26,0,0,0
2015-02-07 06:42:05,0,0,0
2015-02-07 06:43:00,0,0,0
2015-02-07 06:43:18,0,0,0
2015-02-07 06:43:37,0,0,0
2015-02-07 06:44:14,0,0,0
2015-02-07 06:44:33,0,0,0
2015-02-07 06:45:28,0,0,0
2015-02-07 06:45:47,0,0,0
2015-02-07 06:46:06,0,0,0
2015-02-07 06:46:43,0,0,0
2015-02-07 06:47:19,0,0,0
2015-02-07 06:47:39,0,0,0
2015-02-07 06:47:57,0,0,0
2015-02-07 06:48:16,0,0,0
2015-02-07 06:48:41,0,0,0
2015-02-07 06:49:37,0,0,0
2015-02-07 06:50:32,1,0,0
2015-02-07 06:51:08,1,0,0
2015-02-07 06:52:21,1,0,0
2015-02-07 06:52:58,1,0,0
2015-02-07 06:53:35,1,0,0
2015-02-07 06:53:54,1,0,0
2015-02-07 06:54:49,1,0,0
2015-02-07 06:55:07,1,0,0
2015-02-07 06:55:26,1,0,0
2015-02-07 06:55:45,1,0,0
2015-02-07 06:56:04,1,0,0
2015-02-07 06:56:41,1,0,0
2015-02-07 06:56:59,0,0,0
2015-02-07 06:57:18,0,0,0
2015-02-07 06:57:37,0,0,0
2015-02-07 06:57:56,0,0,0
2015-02-07 06:58:16,0,0,0
2015-02-07 06:58:35,0,0,0
2015-02-07 06:58:53,0,0,0
2015-02-07 06:59:12,0,0,0
2015-02-07 06:59:35,0,0,0
2015-02-07 06:59:54,0,0,0
2015-02-07 07:00:49,0,0,0
2015-02-07 07:01:12,0,0,0
2015-02-07 07:02:06,0,0,0
2015-02-07 07:03:19,0,0,0
2015-02-07 07:03:38,0,0,0
2015-02-07 07:04:15,0,0,0
2015-02-07 07:04:35,0,0,0
2015-02-07 07:05:48,0,0,0
2015-02-07 07:06:07,0,0,0
2015-02-07 07:07:01,0,0,0
2015-02-07 07:07:42,0,0,0
2015-02-07 07:08:01,0,0,0
2015-02-07 07:08:39,0,0,0
2015-02-07 07:08:58,0,0,0
2015-02-07 07:09:35,0,0,0
2015-02-07 07:10:13,0,0,0
2015-02-07 07:10:32,0,0,0
2015-02-07 07:11:09,0,0,0
2015-02-07 07:11:30,0,0,0
2015-02-07 07:12:16,0,0,0
2015-02-07 07:12:36,0,0,0
2015-02-07 07:12:55,1,0,0
2015-02-07 07:13:14,1,0,0
2015-02-07 07:13:33,1,0,0
2015-02-07 07:14:11,1,0,0
2015-02-07 07:16:20,1,0,0
2015-02-07 07:16:39,1,0,0
2015-02-07 07:16:58,1,0,0
2015-02-07 07:17:35,1,0,0
2015-02-07 07:17:54,1,0,0
2015-02-07 07:18:13,1,0,0
2015-02-07 07:18:32,1,0,0
2015-02-07 07:19:09,1,0,0
2015-02-07 07:19:28,0,0,0
2015-02-07 07:19:46,0,0,0
2015-02-07 07:20:05,0,0,0
2015-02-07 07:20:25,0,0,0
2015-02-07 07:20:44,0,0,0
2015-02-07 07:21:03,0,0,0
2015-02-07 07:21:39,0,0,0
2015-02-07 07:21:59,0,0,0
2015-02-07 07:22:17,0,0,0
2015-02-07 07:22:55,0,0,0
2015-02-07 07:23:32,0,0,0
2015-02-07 07:24:09,0,0,0
2015-02-07 07:24:29,0,0,0
2015-02-07 07:25:06,0,0,0
2015-02-07 07:25:27,0,0,0
2015-02-07 07:25:46,0,0,0
2015-02-07 07:26:06,0,0,0
2015-02-07 07:26:45,0,0,0
2015-02-07 07:27:23,0,0,0
2015-02-07 07:27:43,0,0,0
2015-02-07 07:28:20,0,0,0
2015-02-07 07:29:35,0,0,0
2015-02-07 07:29:58,0,0,0
2015-02-07 07:30:18,0,0,0
2015-02-07 07:30:37,0,0,0
2015-02-07 07:30:56,0,0,0
2015-02-07 07:31:15,0,0,0
2015-02-07 07:31:52,0,0,0
2015-02-07 07:32:29,0,0,0
2015-02-07 07:32:48,0,0,0
2015-02-07 07:33:15,0,0,0
2015-02-07 07:33:33,0,0,0
2015-02-07 07:33:52,0,0,0
2015-02-07 07:34:11,0,0,0
2015-02-07 07:35:06,0,0,0
2015-02-07 07:35:25,0,0,0
2015-02-07 07:36:20,0,0,0
2015-02-07 07:36:39,1,0,0
2015-02-07 07:37:16,1,0,0
2015-02-07 07:37:35,1,0,0
2015-02-07 07:39:06,1,0,0
2015-02-07 07:39:24,1,0,0
2015-02-07 07:39:43,1,0,0
2015-02-07 07:40:02,1,0,0
2015-02-07 07:40:39,1,0,0
2015-02-07 07:40:58,1,0,0
2015-02-07 07:41:17,1,0,0
2015-02-07 07:41:38,1,0,0
2015-02-07 07:41:57,1,0,0
2015-02-07 07:42:16,0,0,0
2015-02-07 07:42:35,0,0,0
2015-02-07 07:42:53,0,0,0
2015-02-07 07:43:12,0,0,0
2015-02-07 07:43:31,0,0,0
2015-02-07 07:43:50,0,0,0
2015-02-07 07:44:44,0,0,0
2015-02-07 07:46:15,0,0,0
2015-02-07 07:47:48,0,0,0
2015-02-07 07:48:24,0,0,0
2015-02-07 07:49:01,0,0,0
2015-02-07 07:49:21,0,0,0
2015-02-07 07:49:40,0,0,0
2015-02-07 07:49:59,0,0,0
2015-02-07 07:50:17,0,0,0
2015-02-07 07:50:36,0,0,0
2015-02-07 07:51:13,0,0,0
2015-02-07 07:51:50,0,0,0
2015-02-07 07:53:05,0,0,0
2015-02-07 07:53:23,0,0,0
2015-02-07 07:54:00,0,0,0
2015-02-07 07:54:19,0,0,0
2015-02-07 07:54:37,0,0,0
2015-02-07 07:54:56,0,0,0
2015-02-07 07:55:15,0,0,0
2015-02-07 07:55:34,0,0,0
2015-02-07 07:55:53,0,0,0
2015-02-07 07:56:11,0,0,0
2015-02-07 07:56:30,0,0,0
2015-02-07 07:56:49,0,0,0
2015-02-07 07:57:26,0,0,0
2015-02-07 07:58:21,1,0,0
2015-02-07 07:59:22,1,0,0
2015-02-07 07:59:41,1,0,0
2015-02-07 08:00:54,1,0,0
2015-02-07 08:01:12,1,0,0
2015-02-07 08:01:31,1,0,0
2015-02-07 08:02:08,1,0,0
2015-02-07 08:02:27,1,0,0
2015-02-07 08:03:06,1,0,0
2015-02-07 08:03:24,1,0,0
2015-02-07 08:03:43,1,0,0
2015-02-07 08:04:02,1,0,0
2015-02-07 08:04:21,1,0,0
2015-02-07 08:04:39,0,0,0
2015-02-07 08:04:58,0,0,0
2015-02-07 08:05:17,0,0,0
2015-02-07 08:05:35,0,0,0
2015-02-07 08:05:54,0,0,0
2015-02-07 08:06:13,0,0,0
2015-02-07 08:07:44,0,0,0
2015-02-07 08:08:02,0,0,0
2015-02-07 08:08:39,0,0,0
2015-02-07 08:08:58,0,0,0
2015-02-07 08:09:52,0,0,0
2015-02-07 08:10:29,0,0,0
2015-02-07 08:10:48,0,0,0
2015-02-07 08:12:00,0,0,0
2015-02-07 08:12:19,0,0,0
2015-02-07 08:12:38,0,0,0
2015-02-07 08:13:32,0,0,0
2015-02-07 08:14:09,0,0,0
2015-02-07 08:14:28,0,0,0
2015-02-07 08:15:05,0,0,0
2015-02-07 08:15:24,0,0,0
2015-02-07 08:15:42,0,0,0
2015-02-07 08:16:01,0,0,0
2015-02-07 08:16:38,0,0,0
2015-02-07 08:17:14,0,0,0
2015-02-07 08:17:51,0,0,0
2015-02-07 08:19:24,0,0,0
2015-02-07 08:19:42,0,0,0
2015-02-07 08:20:01,0,0,0
2015-02-07 08:20:56,0,0,0
2015-02-07 08:21:15,1,0,0
2015-02-07 08:21:34,1,0,0
2015-02-07 08:21:52,1,0,0
2015-02-07 08:22:47,1,0,0
2015-02-07 08:23:06,1,0,0
2015-02-07 08:23:25,1,0,0
2015-02-07 08:24:02,1,0,0
2015-02-07 08:24:20,1,0,0
2015-02-07 08:24:39,1,0,0
2015-02-07 08:24:58,1,0,0
2015-02-07 08:25:35,1,0,0
2015-02-07 08:25:54,1,0,0
2015-02-07 08:26:13,1,0,0
2015-02-07 08:26:34,1,0,0
2015-02-07 08:26:53,1,0,0
2015-02-07 08:27:12,1,0,0
2015-02-07 08:27:30,0,0,0
2015-02-07 08:27:49,0,0,0
2015-02-07 08:28:08,0,0,0
2015-02-07 08:28:27,0,0,0
2015-02-07 08:28:46,0,0,0
2015-02-07 08:29:22,0,0,0
2015-02-07 08:29:41,0,0,0
2015-02-07 08:31:12,0,0,0
2015-02-07 08:32:07,0,0,0
2015-02-07 08:33:37,0,0,0
2015-02-07 08:33:56,0,0,0
2015-02-07 08:34:51,0,0,0
2015-02-07 08:35:10,0,0,0
2015-02-07 08:35:47,0,0,0
2015-02-07 08:36:06,0,0,0
2015-02-07 08:36:25,0,0,0
2015-02-07 08:36:43,0,0,0
2015-02-07 08:37:38,0,0,0
2015-02-07 08:37:57,0,0,0
2015-02-07 08:38:52,0,0,0
2015-02-07 08:39:47,0,0,0
2015-02-07 08:40:23,0,0,0
2015-02-07 08:40:42,0,0,0
2015-02-07 08:41:01,0,0,0
2015-02-07 08:41:56,0,0,0
2015-02-07 08:42:33,0,0,0
2015-02-07 08:42:51,0,0,0
2015-02-07 08:43:10,0,0,0
2015-02-07 08:43:47,0,0,0
2015-02-07 08:44:06,0,0,0
2015-02-07 08:44:25,0,0,0
2015-02-07 08:44:44,1,0,0
2015-02-07 08:45:38,1,0,0
2015-02-07 08:45:57,1,0,0
2015-02-07 08:46:34,1,0,0
2015-02-07 08:46:53,1,0,0
2015-02-07 08:47:12,1,0,0
2015-02-07 08:47:31,1,0,0
2015-02-07 08:47:49,1,0,0
2015-02-07 08:48:08,1,0,0
2015-02-07 08:48:27,1,0,0
2015-02-07 08:49:04,1,0,0
2015-02-07 08:49:22,1,0,0
2015-02-07 08:49:41,1,0,0
2015-02-07 08:50:00,0,0,0
2015-02-07 08:50:19,0,0,0
2015-02-07 08:50:37,0,0,0
2015-02-07 08:50:56,0,0,0
2015-02-07 08:51:15,0,0,0
2015-02-07 08:51:34,0,0,0
2015-02-07 08:51:53,0,0,0
2015-02-07 08:52:29,0,0,0
2015-02-07 08:53:06,0,0,0
2015-02-07 08:53:43,0,0,0
2015-02-07 08:54:02,0,0,0
2015-02-07 08:54:38,0,0,0
2015-02-07 08:55:33,0,0,0
2015-02-07 08:56:28,0,0,0
2015-02-07 08:56:46,0,0,0
2015-02-07 08:57:41,0,0,0
2015-02-07 08:58:44,0,0,0
2015-02-07 08:59:03,0,0,0
2015-02-07 08:59:21,0,0,0
2015-02-07 08:59:40,0,0,0
2015-02-07 08:59:59,0,0,0
2015-02-07 09:00:18,0,0,0
2015-02-07 09:00:37,0,0,0
2015-02-07 09:01:13,0,0,0
2015-02-07 09:01:32,0,0,0
2015-02-07 09:01:51,0,0,0
2015-02-07 09:02:10,0,0,0
2015-02-07 09:02:28,0,0,0
2015-02-07 09:03:07,0,0,0
2015-02-07 09:03:26,0,0,0
2015-02-07 09:03:45,0,0,0
2015-02-07 09:04:57,0,0,0
2015-02-07 09:05:36,0,0,0
2015-02-07 09:05:55,1,0,0
2015-02-07 09:06:14,1,0,0
2015-02-07 09:06:32,1,0,0
2015-02-07 09:07:09,1,0,0
2015-02-07 09:07:46,1,0,0
2015-02-07 09:08:05,1,0,0
2015-02-07 09:08:24,1,0,0
2015-02-07 09:08:44,1,0,0
2015-02-07 09:09:03,1,0,0
2015-02-07 09:09:22,1,0,0
2015-02-07 09:09:41,1,0,0
2015-02-07 09:10:00,1,0,0
2015-02-07 09:10:20,1,0,0
2015-02-07 09:10:39,1,0,0
2015-02-07 09:10:58,1,0,0
2015-02-07 09:11:17,0,0,0
2015-02-07 09:11:35,0,0,0
